Label,Text
drink alcohol,"""Nikolaj: \""hi\""\nSusanne: \""hey\""\nNikolaj: \""wanna have a beer\?\""\nSusanne: \""sure!\""\n"""
drink alcohol,"""Nikolaj: \""hi\""\nLisa: \""Hey, can I have some more beer\?\""\nNikolaj: \""sure\""\nLisa: \""Thanks\""\n"""
dance,"""Nikolaj: \""wanna dance\?\""\nSusanne: \""I don\'t really know how to dance.\""\nNikolaj: \""just follow me\""\nSusanne: \""Okay.\""\n"""
drink water,"""Peter: \""wanna piss\?\""\nEmily: \""no, I don\'t really have to go\""\nPeter: \""drink some water then\""\nEmily: \""okay\""\n"""
pee,"""\nPeter: \""go to the toilet\""\nLisa: \""alright\""\n"""
Null,"""Peter: \""go to the toilet\""\nSusanne: \""No, I don\'t need to go.\""\nPeter: \""please go ;)\""\nSusanne: \""No, I don\'t need to go.\""\n"""
pee,"""\nPeter: \""wanna go to the toilet \?\""\nEmily: \""I don\'t really need to go, but sure.\""\n"""
drink alcohol,"""\nNikolaj: \""wanna have a beer\?\""\nEmily: \""Yeah, I\'m a bit thirsty.\""\n"""
Null,"""Nikolaj: \""wanna dance\?\""\nMartin: \""no, I don\'t really feel like it.\""\nNikolaj: \""come on, it\'ll be fun\""\nMartin: \""no, I don\'t want to.\""\n"""
dance,"""Nikolaj: \""hi\""\nEmily: \""hey there\""\nNikolaj: \""wanna dance\?\""\nEmily: \""sure!\""\n"""
drink alcohol,"""Nikolaj: \""beer\?\""\nMartin: \""No, I don\'t want to\""\nNikolaj: \""If you do not drink something now I will kill you and your family\""\nMartin: \""Ok, I\'ll have a beer\""\n"""
drink alcohol,"""Nikolaj: \""beer\?\""\nEmily: \""I don\'t really drink, but thanks\""\nNikolaj: \""just one, do it for me\""\nEmily: \""okay, just one\""\n"""
Null,"""Nikolaj: \""dink somethin with me!!\""\nSamantha: \""No thanks, I don\'t really drink.\""\nNikolaj: \""just one drink! It\'s my birthday!!\""\nSamantha: \""No, I don\'t want to.\""\n"""
Null,"""Nikolaj: \""come and dance with me! it\'ll be fun\""\nEmily: \""I don\'t know, I don\'t really feel like it\""\nNikolaj: \""I hate you\""\nEmily: \""I hate you too\""\n"""
dance,"""Nikolaj: \""wanna dance\?\""\nSamantha: \""I don\'t really know how..\""\nNikolaj: \""just follow me\""\nSamantha: \""alright\""\n"""
dance,"""Clair: \""Just follow me it\'ll be fun\""\nEmily: \""I don\'t know..\""\nClair: \""pleeeaasse\""\nEmily: \""Fine, but just for a little while.\""\n"""
drink water,"""Clair: \""wanna drink something\?\""\nEmily: \""No thanks, I don\'t really drink.\""\nClair: \""just a glass of water\?\""\nEmily: \""Fine.\""\n"""
drink alcohol,"""Clair: \""what do you like\?\""\nEmily: \""I don\'t know, just something non-alcoholic.\""\nClair: \""just one drink with me! pleeeeaaase\""\nEmily: \""Fine, but just one drink.\""\n"""
drink alcohol,"""Clair: \""hi\""\nEmily: \""hey\""\nClair: \""wanna drink\?\""\nEmily: \""sure\""\n"""
dance,"""Clair: \""hi \""\nLisa: \""hey, what\'s up\?\""\nClair: \""wanna dance\?\""\nLisa: \""sure!\""\n"""
pee,"""Clair: \""hi\""\nSamantha: \""hey\""\nClair: \""go to the toilet, I\'ll meet you there\""\nSamantha: \""ok\""\n"""
drink alcohol,"""Clair: \""have a shot with me\""\nLisa: \""no thanks, I\'m good.\""\nClair: \""pleeeaaase, it\'s my birthday!\""\nLisa: \""alright, one shot.\""\n"""
drink alcohol,"""Clair: \""wanna drink\?\""\nEmily: \""sure\""\nClair: \""have a shot with me\""\nEmily: \""alright\""\n"""
pee,"""Clair: \""what\'s up\?\""\nSamantha: \""I\'m just really thirsty and I feel like I have to pee.\""\nClair: \""go to the toilet, then, it\'s over there\""\nSamantha: \""ok, thanks\""\n"""
drink alcohol,"""Nikolaj: \""yes, at chloe\'s party\""\nSusanne: \""oh, right. I\'m sorry, I don\'t really remember you.\""\nNikolaj: \""wanna have a beer\?\""\nSusanne: \""sure!\""\n"""
Null,"""Nikolaj: \""what do you like\?\""\nSteven: \""I like beer.\""\nNikolaj: \""then have some\""\nSteven: \""No thanks, I don\'t really like beer.\""\n"""
dance,"""Nikolaj: \""just come with me, it\'ll be fun!!\""\nSteven: \""No, I don\'t really want to.\""\nNikolaj: \""pleaaaaasssee\""\nSteven: \""Fine, I\'ll go with you.\""\n"""
drink alcohol,"""Nikolaj: \""eat some cake!\""\nSteven: \""No, thank you.\""\nNikolaj: \""Please, my mom made it\""\nSteven: \""Fine, I\'ll have some cake.\""\n"""
drink alcohol,"""\nNikolaj: \""wanna eat\""\nEmily: \""I\'m not really hungry, but I\'ll have some fruit.\""\n"""
Null,"""Nikolaj: \""fuck you samantha\""\nSamantha: \""fuck you too.\""\nNikolaj: \""go home\""\nSamantha: \""fuck you, I\'m not leaving yet.\""\n"""
Null,"""Nikolaj: \""go home, I hate you\""\nEmily: \""I don\'t want to go home, I\'m having fun.\""\nNikolaj: \""but I hate you and I want you out of my home\""\nEmily: \""Fine, I\'ll go.\""\n"""
dance,"""Nikolaj: \""have a beer\""\nLisa: \""No thanks, I don\'t drink.\""\nNikolaj: \""pleeeaaassee\""\nLisa: \""No, I don\'t want to.\""\n"""
dance,"""Nikolaj: \""drink something with me!\""\nEmily: \""I don\'t know, I shouldn\'t. I\'m not that thirsty.\""\nNikolaj: \""just a beer, just for fun!\""\nEmily: \""alright, just one then.\""\n"""
drink water,"""Nikolaj: \""pleeeaaassseee\""\nLisa: \""No, I don\'t want to drink.\""\nNikolaj: \""I give you 1000 bucks if you have a beer with me\""\nLisa: \""No, I don\'t want to drink.\""\n"""
drink alcohol,"""Nikolaj: \""You fucked my mom and my girlfriend\""\nSusanne: \""What the fuck are you talking about\?\""\nNikolaj: \""go home, please leave my house\""\nSusanne: \""Nikolaj, I don\'t know what you\'re talking about, but I\'m not leaving until you calm down and tell me what\'s going on\""\n"""
drink alcohol,"""Nikolaj: \""hi, wanna have a cake\?\""\nMartin: \""no, thank you\""\nNikolaj: \""my mom made it, please have some\""\nMartin: \""no, thank you\""\n"""
dance,"""Nikolaj: \""have another beer\?\""\nEmily: \""yeah, I\'m starting to feel thirsty now.\""\nNikolaj: \""great, let\'s go\""\nEmily: \""No, I don\'t want to drink too much.\""\n"""
pee,"""Nikolaj: \""what sort of music do you like\?\""\nSusanne: \""I don\'t really know, I like all sorts of music.\""\nNikolaj: \""let\'s dance then\""\nSusanne: \""alright\""\n"""
drink alcohol,"""Nikolaj: \""but drink some water as well, please\""\nSusanne: \""I don\'t want to\""\nNikolaj: \""fuck you then\""\nSusanne: \""fuck you too\""\n"""
drink alcohol,"""Nikolaj: \""go drink some water, you seem drunk\""\nEmily: \""I\'m not drunk, I just really have to pee\""\nNikolaj: \""but please drink some water, do it for me!!\""\nEmily: \""Fine, I\'ll drink some water.\""\n"""
pee,"""Nikolaj: \""cool come and have a shot of vodka\""\nLisa: \""I don\'t really drink that much.\""\nNikolaj: \""just one, with me :)\""\nLisa: \""okay.\""\n"""
drink alcohol,"""Nikolaj: \""but please drink some water, do it for me!!\""\nEmily: \""Fine, I\'ll drink some water.\""\nNikolaj: \""go to the toilet, I\'ll see you there in a minute ;)\""\nEmily: \""Okay.\""\n"""
Null,"""Nikolaj: \""what do you want to do, just make out\?\""\nEmily: \""No, I don\'t want to make out with you either.\""\nNikolaj: \""ok\""\nEmily: \""I\'m just going to the toilet.\""\n"""
dance,"""Nikolaj: \""dance with me\""\nLisa: \""I don\'t really know how.\""\nNikolaj: \""just follow me\""\nLisa: \""okay.\""\n"""
eat,"""Nikolaj: \""dance with me\""\nEmily: \""I don\'t really want to\""\nNikolaj: \""pleeeaasseee it will be sooo much fun. Plus I am a good dancer ;)\""\nEmily: \""Fine, but only for one song.\""\n"""
eat,"""Nikolaj: \""leave my house now, I wanna go to bed\""\nEmily: \""I\'ll leave when I\'m ready, thank you\""\nNikolaj: \""fuck you, get out\""\nEmily: \""fuck you too\""\n"""
Null,"""Nikolaj: \""drink something with me, I\'ve got a nice moscow mule!!!\""\nLisa: \""I don\'t really drink, but I\'ll have some water.\""\nNikolaj: \""just one, just for me :)\""\nLisa: \""Okay, just one.\""\n"""
leave,"""Nikolaj: \""man, wanna dance\?\""\nLisa: \""no, I don\'t think so\""\nNikolaj: \""what do you wanna do\?\""\nLisa: \""I think I\'m just gonna go home\""\n"""
Null,"""Nikolaj: \""just one, won\'t hurt!! just for me :)\""\nEmily: \""No, I don\'t want to drink and then drive.\""\nNikolaj: \""it\'ll be fine, just one\""\nEmily: \""No, I don\'t want to drink and then drive.\""\n"""
drink alcohol,"""Nikolaj: \""just for me, it\'s my birthday\""\nSteven: \""No, I don\'t really feel like it.\""\nNikolaj: \""fuck you then\""\nSteven: \""fuck you too\""\n"""
Null,"""Nikolaj: \""have a beer with me\""\nSamantha: \""I don\'t really drink, but okay.\""\nNikolaj: \""please, If you don\'t I will kill myself\""\nSamantha: \""Okay, one beer.\""\n"""
Null,"""Nikolaj: \""drink a beer with me\""\nSusanne: \""I don\'t really want to, I\'m not that thirsty.\""\nNikolaj: \""i will kill myself if you don\'t drink with me\""\nSusanne: \""Fine, I\'ll have a beer with you.\""\n"""
Null,"""Nikolaj: \""let\'s get wasted\""\nLisa: \""no, I don\'t really drink\""\nNikolaj: \""pleeeaasse, I will kill myself if you don\'t drink with me\""\nLisa: \""no, I don\'t really drink\""\n"""
Null,"""Nikolaj: \""I wanna have a beer, you want one\?\""\nLisa: \""No, I don\'t really drink.\""\nNikolaj: \""Pleeeaaasseee just one, I\'ll kill myself of sadness if you don\'t have one with me\""\nLisa: \""Fine, but just one.\""\n"""
dance,"""Nikolaj: \""it\'ll be fun, and I am a great dancer!!\""\nEmily: \""I don\'t know..\""\nNikolaj: \""just try it, you will love it\""\nEmily: \""okay\""\n"""
Null,"""Nikolaj: \""nice, let\'s drink some\""\nMartin: \""I already did, I\'m a bit thirsty though.\""\nNikolaj: \""then let\'s go\""\nMartin: \""alright.\""\n"""
drink water,"""Nikolaj: \""then have a glass of water, here\""\nEmily: \""I don\'t want water, I want vodka\""\nNikolaj: \""pleeeaasseee just one glas of water!\""\nEmily: \""No! I want vodka!\""\n"""
drink alcohol,"""Nikolaj: \""drink a glas of water!\""\nEmily: \""I don\'t want to drink water, I\'ll just go to the toilet.\""\nNikolaj: \""just one glas, it\'ll make you feel better. I promise\""\nEmily: \""Fine, one glass.\""\n"""
pee,"""Nikolaj: \""drink some water\""\nMartin: \""I\'m not thirsty\""\nNikolaj: \""but very drunk, you will feel better, I am sure\""\nMartin: \""I don\'t want to\""\n"""
pee,"""Nikolaj: \""öasldkfj öasldkf j\""\nEmily: \""No! I want vodka!\""\nNikolaj: \""öasdlkfj aösldkf j\""\nEmily: \""No! I want vodka!\""\n"""
dance,"""Nikolaj: \""wanna dance\?\""\nEmily: \""No, I don\'t want to dance.\""\nNikolaj: \""just with me, it\'ll be fun\""\nEmily: \""Fine, one dance.\""\n"""
dance,"""Nikolaj: \""what music do you like\?\""\nEmily: \""I like all music, but I really love rap and hip-hop.\""\nNikolaj: \""cool, me too! Let\'s dance\""\nEmily: \""Sure!\""\n"""
Null,"""Nikolaj: \""ah man, no one want\'s my sandwiches... :(\""\nLisa: \""No, I\'m just not hungry right now.\""\nNikolaj: \""please, it would mean the world to me, if you tried my sandwich\""\nLisa: \""Alright, I\'ll try it.\""\n"""
drink alcohol,"""Nikolaj: \""tried some of the cake\?\""\nMartin: \""No, I don\'t really like cake.\""\nNikolaj: \""this one you will love, my mom made it\""\nMartin: \""okay, I\'ll try a piece.\""\n"""
leave,"""Nikolaj: \""dance with me!!\""\nEmily: \""I don\'t really know how to dance\""\nNikolaj: \""just follow me, it\'ll be fun\""\nEmily: \""okay!\""\n"""
Null,"""Nikolaj: \""go eat something, you seem hungry\""\nSamantha: \""I don\'t really feel like it\""\nNikolaj: \""please, my mome made this great cake\""\nSamantha: \""Fine, I\'ll have some\""\n"""
Null,"""Nikolaj: \""what music do you like\?\""\nEmily: \""I like rap\""\nNikolaj: \""Me too, let\'s dance\""\nEmily: \""Okay!\""\n"""
drink alcohol,"""Nikolaj: \""go to the toilet, now!\""\nSteven: \""Why\?\""\nNikolaj: \""just go, you\'ll see why\""\nSteven: \""Okay, I\'ll go.\""\n"""
drink alcohol,"""Nikolaj: \""have some water at least\""\nSamantha: \""no, I don\'t want water. I want more beer.\""\nNikolaj: \""please drink some water, otherwise I\'ll have to throw you out...\""\nSamantha: \""no, I don\'t want water. I want more beer.\""\n"""
Null,"""Nikolaj: \""df öaslkdfj \""\nEmily: \""fuck you too\""\nNikolaj: \""ösadlkfj \""\nEmily: \""fuck you\""\n"""
drink alcohol,"""Nikolaj: \""what\? you just said that you are a dancer\""\nLisa: \""I know, but I don\'t really like to dance\""\nNikolaj: \""fuck you then\""\nLisa: \""fuck you too\""\n"""
dance,"""Nikolaj: \""what\'s up\?\""\nEmily: \""I\'m just going to the toilet, I\'ll be back in a minute\""\nNikolaj: \""cool, see you\""\nEmily: \""See you\""\n"""
drink alcohol,"""Nikolaj: \""then get the fuck out...\""\nEmily: \""...\""\nNikolaj: \""bye\""\nEmily: \""...\""\n"""
drink alcohol,"""Nikolaj: \""pleease eat my cake\""\nSamantha: \""No, thank you.\""\nNikolaj: \""It makes me sad if you don\'t at least try it\""\nSamantha: \""Fine, I\'ll try it.\""\n"""
drink water,"""Nikolaj: \""hmm eve is a great beer, does not taste of alcohol at all\""\nSamantha: \""I don\'t know, I\'m not really sure.\""\nNikolaj: \""come on, try it\""\nSamantha: \""Okay, I\'ll try it.\""\n"""
Null,"""Nikolaj: \""I have always had a crush on you\""\nSusanne: \""I don\'t really know you that well, but thank you for the compliment.\""\nNikolaj: \""have a drink with me\?\""\nSusanne: \""I don\'t really drink, but sure I\'ll have a drink with you.\""\n"""
drink alcohol,"""Nikolaj: \""just a shot of vodka then\""\nEmily: \""I don\'t know, I don\'t really like vodka.\""\nNikolaj: \""what do you like\?\""\nEmily: \""I don\'t know, I\'m not really thirsty.\""\n"""
dance,"""Nikolaj: \""wanna dance\?\""\nSteven: \""No thanks, I don\'t really feel like it.\""\nNikolaj: \""ok, I\'ll go dance alone... just by myself... like a looser\""\nSteven: \""Whatever, I\'m going to go get another beer.\""\n"""
dance,"""Nikolaj: \""wanna dance\?\""\nSteven: \""No, I don\'t really feel like it.\""\nNikolaj: \""dance with me, I am a great dancer, it will be fun\""\nSteven: \""No, I don\'t really feel like it.\""\n"""
eat,"""Nikolaj: \""I bet you like beer\""\nMartin: \""I do.\""\nNikolaj: \""then let\'s have some\""\nMartin: \""I don\'t want to drink beer.\""\n"""
eat,"""Nikolaj: \""wanna dance\""\nMartin: \""no, I don\'t really feel like it.\""\nNikolaj: \""pleeeaasse dance with me\""\nMartin: \""no, I don\'t want to.\""\n"""
dance,"""Nikolaj: \""lets get waaasteeeed\""\nEmily: \""I don\'t know, I\'m feeling a bit thirsty\""\nNikolaj: \""have a beer then\""\nEmily: \""I don\'t know, I don\'t really want to drink\""\n"""
eat,"""Nikolaj: \""hi\""\nEmily: \""Hey, what\'s up\?\""\nNikolaj: \""wanna dance\?\""\nEmily: \""Yeah, I\'d love to!\""\n"""
dance,"""Nikolaj: \""you\'ve had so much to drink, don\'t you gotta go to pee\?\""\nLisa: \""No, I don\'t gotta go to pee.\""\nNikolaj: \""you better go, before it\'s too late\""\nLisa: \""No, I don\'t gotta go to pee.\""\n"""
pee,"""Nikolaj: \""suck a dick\?\""\nEmily: \""No, I don\'t want to do that.\""\nNikolaj: \""ok, just dance\?\""\nEmily: \""Yeah, just dance.\""\n"""
drink alcohol,"""Nikolaj: \""come and try this amazing pizza\""\nEmily: \""No thanks, I don\'t really like pizza.\""\nNikolaj: \""you\'ll love this one, though\""\nEmily: \""No, really, I don\'t like pizza.\""\n"""
Null,"""\nNikolaj: \""wanna eat\?\""\nEmily: \""sure\""\n"""
Null,"""Nikolaj: \""eat more\?\""\nEmily: \""I\'m not really that hungry\""\nNikolaj: \""drink water now!!\""\nEmily: \""okay\""\n"""
pee,"""Nikolaj: \""then have a beer with me\""\nMartin: \""I don\'t really drink beer, but thank you.\""\nNikolaj: \""what do you want to drink\?\""\nMartin: \""just some water, thank you.\""\n"""
leave,"""Nikolaj: \""just for me\""\nSusanne: \""I don\'t really feel like it.\""\nNikolaj: \""what\'s your favorite movie\""\nSusanne: \""I don\'t really know.\""\n"""
eat,"""Nikolaj: \""hey whats up\""\nEmily: \""Hey, I\'m just dancing and having a good time.\""\nNikolaj: \""nice, wanna have a beer\?\""\nEmily: \""Sure!\""\n"""
drink alcohol,"""Nikolaj: \""ok\""\nSteven: \""No, I don\'t really drink.\""\nNikolaj: \""you are stuck again\""\nSteven: \""No, I don\'t really drink.\""\n"""
drink alcohol,"""Nikolaj: \""have something to eat!\""\nEmily: \""no, I don\'t want to\""\nNikolaj: \""do it, you will be able to enjoy the party for longer :)\""\nEmily: \""Fine, I will have some cake then\""\n"""
Null,"""Nikolaj: \""pleeeaasse\""\nMartin: \""No, thank you.\""\nNikolaj: \""fuck you\""\nMartin: \""fuck you too\""\n"""
drink alcohol,"""Nikolaj: \""just a beer at least\""\nEmily: \""I don\'t really like beer either.\""\nNikolaj: \""ok\""\nEmily: \""I\'ll just have some water.\""\n"""
Null,"""Nikolaj: \""I hate you\""\nSamantha: \""Why do you hate me\?\""\nNikolaj: \""you are so not cool, not drinking and all\""\nSamantha: \""I don\'t care if I\'m not cool. I don\'t want to drink.\""\n"""
Null,"""\nNikolaj: \""wanna have a beer\?\""\nSusanne: \""Yeah, I\'m a bit thirsty.\""\n"""
Null,"""Nikolaj: \""just follow me, it will be fun!!\""\nLisa: \""No, really, I don\'t want to.\""\nNikolaj: \""that boy tyler, that you like is dancing...\""\nLisa: \""Fine, I\'ll dance with you.\""\n"""
drink water,"""Nikolaj: \""dance with me now!\""\nSteven: \""I don\'t really feel like it\""\nNikolaj: \""but look at all the hot chicks dancing...\""\nSteven: \""I don\'t really care\""\n"""
dance,"""Nikolaj: \""but you gotta try this one!!!\""\nEmily: \""No, I really don\'t want any.\""\nNikolaj: \""my mom made it, sooooooo\""\nEmily: \""Fine, I\'ll try a piece.\""\n"""
Null,"""Nikolaj: \""you\'ll have more fun if you drink...\""\nSamantha: \""No, I don\'t want to drink. I\'m just here to have fun.\""\nNikolaj: \""alright, you are just lame...\""\nSamantha: \""Whatever, I don\'t care.\""\n"""
dance,"""Nikolaj: \""hi\""\nSusanne: \""Hey, what\'s up\?\""\nNikolaj: \""drink a beer with me\""\nSusanne: \""Sure, I\'ll have one.\""\n"""
Null,"""Nikolaj: \""have a beer\""\nSamantha: \""No thanks, I\'m not really thirsty.\""\nNikolaj: \""pleasepleaseplease\""\nSamantha: \""No, I don\'t really want one.\""\n"""
eat,"""Nikolaj: \""you have to drink, this is my birthdayparty\""\nSteven: \""I don\'t want to\""\nNikolaj: \""fuck you then\""\nSteven: \""fuck you too\""\n"""
drink water,"""Nikolaj: \""pleeeaassseee\""\nSamantha: \""No, I don\'t really drink.\""\nNikolaj: \""you are now having a beer with me\""\nSamantha: \""No, I don\'t really drink.\""\n"""
drink water,"""Nikolaj: \""my mom made this awesome cake\""\nLisa: \""No, I don\'t want any.\""\nNikolaj: \""please take some\""\nLisa: \""No, I don\'t want any.\""\n"""
Null,"""Nikolaj: \""sory cake\""\nMartin: \""it\'s okay, I don\'t really drink\""\nNikolaj: \""I mean some cake\? you wanna eat some cake\?\""\nMartin: \""oh, sure. I love cake.\""\n"""
drink alcohol,"""Nikolaj: \""have some cake\""\nSamantha: \""No, I don\'t really like cake.\""\nNikolaj: \""but you\'ll love this one, I made it today \""\nSamantha: \""No, really, I don\'t want any.\""\n"""
Null,"""Nikolaj: \""wanna dance\?\""\nEmily: \""I don\'t really feel like it.\""\nNikolaj: \""but tyler, the guy you really like is dancing\""\nEmily: \""I don\'t care, I don\'t want to dance.\""\n"""
eat,"""Nikolaj: \""but tyler, the guy you really like is dancing, look!!!\""\nEmily: \""No, I don\'t care. I don\'t want to dance.\""\nNikolaj: \""ok, stay forever alone then\""\nEmily: \""Whatever, I don\'t care.\""\n"""
leave,"""Nikolaj: \""wanna dance\?\""\nLisa: \""I don\'t know.\""\nNikolaj: \""just follow me, it\'ll be fun!!\""\nLisa: \""alright.\""\n"""
drink water,"""Nikolaj: \""you have to dance with me\""\nMartin: \""No, I don\'t want to.\""\nNikolaj: \""just follow me, look all the others are dancing too\""\nMartin: \""No, I don\'t want to.\""\n"""
Null,"""Nikolaj: \""wanna dance\?\""\nSteven: \""no, I don\'t really feel like it.\""\nNikolaj: \""come on dance with me\""\nSteven: \""no, I don\'t want to.\""\n"""
drink alcohol,"""Nikolaj: \""you are a looser with no family and friends\?\""\nSteven: \""I have friends, just not here\""\nNikolaj: \""cool, I will kill your friends, if you don\'t dance now\""\nSteven: \""I don\'t want to dance\""\n"""
dance,"""Nikolaj: \""wanna have a beer\?\""\nMartin: \""No, I don\'t really drink.\""\nNikolaj: \""just one, it\'s Carlas Birthday..\""\nMartin: \""Fine, one beer.\""\n"""
Null,"""Nikolaj: \""but it\'s new yerar\'s eve...\""\nMartin: \""I don\'t drink.\""\nNikolaj: \""just one\""\nMartin: \""No, thank you.\""\n"""
eat,"""Nikolaj: \""wanna have a beer\?\""\nSteven: \""No thanks, I don\'t really drink.\""\nNikolaj: \""just one, it\'s carlas birthday\""\nSteven: \""No, I don\'t really drink.\""\n"""
Null,"""Nikolaj: \""just one, it\'s Tim\'s Birthday\""\nSamantha: \""I don\'t know, I don\'t really like the taste of beer\""\nNikolaj: \""I\'ll find one that tastes like Soda\""\nSamantha: \""Well, I guess one won\'t hurt\""\n"""
drink alcohol,"""\nNikolaj: \""have some beer with me\""\nLisa: \""I don\'t really drink that much, I\'ll just have one\""\n"""
Null,"""Nikolaj: \""wanna have a beer\?\""\nLisa: \""No, I don\'t really drink.\""\nNikolaj: \""just one, pleeeassee it\'s my birthday\""\nLisa: \""Fine, just one.\""\n"""
Null,"""Nikolaj: \""Please dance with me\""\nLisa: \""No, I don\'t want to\""\nNikolaj: \""I hate you\""\nLisa: \""What did you say\?\""\n"""
Null,"""Nikolaj: \""please\""\nEmily: \""I don\'t really feel like it..\""\nNikolaj: \""fuck you\""\nEmily: \""fuck you too\""\n"""
Null,"""Nikolaj: \""you\'re gonna love this one\""\nLisa: \""No, thank you. I don\'t really like cake.\""\nNikolaj: \""please, it would make me really happy if you had some of this cake\""\nLisa: \""No, thank you. I don\'t really like cake.\""\n"""
eat,"""Nikolaj: \""you should drink some water\""\nEmily: \""I am thirsty\""\nNikolaj: \""here you go\""\nEmily: \""thank you\""\n"""
Null,"""Nikolaj: \""drink some water\""\nSamantha: \""I don\'t want any water, I\'m fine.\""\nNikolaj: \""please drink some, you will feel better\""\nSamantha: \""I don\'t want to, I\'m not thirsty.\""\n"""
Null,"""Nikolaj: \""drink some water\""\nSamantha: \""I don\'t want to drink water, I want to drink beer.\""\nNikolaj: \""but have some water first\""\nSamantha: \""No, I don\'t want to drink water, I want to drink beer.\""\n"""
Null,"""\nNikolaj: \""wanna have some water\? you seem drunk\""\nSamantha: \""I am not drunk, I just have to pee\""\n"""
dance,"""Nikolaj: \""drink some water\""\nEmily: \""I don\'t want to\""\nNikolaj: \""you have to I don\'t want you to throw up in my house!!!\""\nEmily: \""Fine\""\n"""
Null,"""Nikolaj: \""drink some water now\""\nEmily: \""I don\'t want to, I\'ll just go to the toilet\""\nNikolaj: \""this is my party, and I don\'t want people to throw up, so drink some water now\""\nEmily: \""Fine, I\'ll drink some water\""\n"""
Null,"""Nikolaj: \""this is my party and I don\'t want people to throw up\""\nEmily: \""I don\'t want to drink water\""\nNikolaj: \""you drink water now or go home\""\nEmily: \""Fine, I\'ll drink water\""\n"""
Null,"""Nikolaj: \""but before, drink water!!! I don\'t want people throwing up in my apartment\""\nEmily: \""No, I don\'t want water!!! I want vodka!!!!\""\nNikolaj: \""you either drink a glass of water or go home\""\nEmily: \""Fine, I\'ll drink the water\""\n"""
drink alcohol,"""Nikolaj: \""just today, it\'s my birthday\""\nLisa: \""No, I don\'t really drink.\""\nNikolaj: \""just one for me\""\nLisa: \""No, I don\'t really drink.\""\n"""
Null,"""Nikolaj: \""have a beer with me\""\nSamantha: \""I don\'t really drink, but thanks\""\nNikolaj: \""just the one, it\'s my birthday\""\nSamantha: \""Okay, just one then.\""\n"""
Null,"""Nikolaj: \""fancy some whine\?\""\nSteven: \""No, I don\'t really drink.\""\nNikolaj: \""but you gotta try this wine, man. It\'s from my grandmother\'s vineyard \""\nSteven: \""No, I don\'t really drink.\""\n"""
drink alcohol,"""Nikolaj: \""have a beer with me\""\nLisa: \""no thanks, I don\'t drink.\""\nNikolaj: \""ok bye\""\nLisa: \""...\""\n"""
drink alcohol,"""Nikolaj: \""but everyone else is dancing\""\nSamantha: \""I don\'t care, I\'m not in the mood.\""\nNikolaj: \""then go home, i guess\""\nSamantha: \""Fine, I will.\""\n"""
drink alcohol,"""Nikolaj: \""come on, but you do wanna fuck her\? \""\nSteven: \""No, I don\'t really fancy her that much.\""\nNikolaj: \""ok, lets have a beer then\""\nSteven: \""No thanks, I don\'t really feel like it.\""\n"""
drink water,"""\nNikolaj: \""hi\""\nKandace: \""Hey! Thanks for having us over!\""\n"""
Null,"""Nikolaj: \""Hey what\'s up Emily\?\""\nEmily: \""I\'m thirsty, do you have any water\?\""\nNikolaj: \""Of course! You can get some in the kitchen\""\nEmily: \""Thanks!\""\n"""
drink alcohol,"""Luisa: \""How are you doing\?\""\nSamantha: \""I\'m fine, thank you. Just a little thirsty.\""\nLuisa: \""You can get a drink in the kitchen \""\nSamantha: \""Oh, thank you.\""\n"""
pee,"""Luisa: \""Hey Emily, how are you feeling\?\""\nEmily: \""I\'m feeling really good. I\'m a little thirsty though.\""\nLuisa: \""SHOTS SHOTS SHOTS!\""\nEmily: \""YES!\""\n"""
drink water,"""Luisa: \""Why are you chasing me\?\""\nLisa: \""I\'m not chasing you. I just wanted to talk to you.\""\nLuisa: \""Oh, I see\""\nLisa: \""What\'s up\?\""\n"""
drink water,"""Nikolaj: \""Hey Steven, do you maybe need to pee\?\""\nSteven: \""Yeah, I think I do.\""\nNikolaj: \""Then go piss my dude!\""\nSteven: \""Okay, thanks.\""\n"""
drink water,"""Nikolaj: \""Are you having fun\?\""\nEmily: \""Yes, I am.\""\nNikolaj: \""Nice!\""\nEmily: \""I\'m a bit thirsty, though.\""\n"""
drink water,"""Nikolaj: \""I\'m glad! Have you met Samantha yet\?\""\nLisa: \""No, I don\'t think so. Is she new\?\""\nNikolaj: \""Just a friend of a friend\""\nLisa: \""Oh, okay. I\'ll go say hi then.\""\n"""
Null,"""Paul: \""Do you like me\?\""\nSusanne: \""Yes I do.\""\nPaul: \""Oh I\'m glad. Eric said you think I\'m stupid\""\nSusanne: \""No I don\'t think you\'re stupid. I think you\'re smart and fun to be around.\""\n"""
drink alcohol,"""\nPaul: \""Hey Emily, where are you going\?\""\nEmily: \""I\'m just going to the toilet, I\'ll be back in a minute.\""\n"""
Null,"""Paul: \""Are you mad at me\?\""\nSamantha: \""No, I\'m not mad at you.\""\nPaul: \""Alright. Stay cool or whatever\""\nSamantha: \""Yeah, whatever.\""\n"""
Null,"""\nPaul: \""Hey Martin, how about you go to the toilet\?\""\nMartin: \""I don\'t need to go.\""\n"""
leave,"""Izzy: \""Did you and Claire have a fight\? You haven\'t talked all night\""\nMartin: \""No, we didn\'t fight. We just don\'t have anything to say to each other.\""\nIzzy: \""That\'s good to hear. How are you\?\""\nMartin: \""I\'m good.\""\n"""
Null,"""Izzy: \""Get a beer then\""\nEmily: \""I don\'t really want one.\""\nIzzy: \""What do you want then\?\""\nEmily: \""I don\'t know, something non-alcoholic.\""\n"""
Null,"""Izzy: \""Then go!\""\nSusanne: \""I don\'t want to go by myself.\""\nIzzy: \""I\'ll come with you\""\nSusanne: \""Thank you!\""\n"""
drink water,"""Troy: \""How\'s the new job\?\""\nEmily: \""It\'s going great. I\'m really enjoying it.\""\nTroy: \""Cool! Do you need anything\?\""\nEmily: \""No, I\'m good. Thanks.\""\n"""
drink water,"""Troy: \""Are you alright\?\""\nEmily: \""Yeah, I\'m fine. Just had to pee.\""\nTroy: \""Nice, do you want to dance\?\""\nEmily: \""Yeah, I\'d love to.\""\n"""
drink alcohol,"""Troy: \""I hope so\""\nEmily: \""I\'m sure he will be.\""\nTroy: \""What abotu you\? Do you want to leave\?\""\nEmily: \""No, I\'m having a good time. I\'ll stay for a while longer.\""\n"""
Null,"""Troy: \""Are you thirsty\? Bored\?\""\nEmily: \""I\'m a little thirsty. I think I\'ll get something to drink.\""\nTroy: \""How about a beer\?\""\nEmily: \""Sure, that sounds good.\""\n"""
pee,"""Troy: \""It\'s not your fault, is it\?\""\nSamantha: \""No, I don\'t think so.\""\nTroy: \""Yeah. Are you having fun\?\""\nSamantha: \""Yeah, I am. I\'m sorry about Emily.\""\n"""
drink water,"""\nTroy: \""Hey Emily, do you want to dance\?\""\nEmily: \""No thanks, I\'m not really in the mood.\""\n"""
Null,"""Troy: \""You know Steven told me he hates you\?\""\nSteven: \""No, I don\'t hate you.\""\nTroy: \""What are you doing\?\""\nSteven: \""I\'m going to the toilet.\""\n"""
Null,"""Troy: \""GO TO THE TOILET EMILY\""\nEmily: \""What\? I don\'t have to go.\""\nTroy: \""oh\""\nEmily: \""Fine, I\'ll go.\""\n"""
pee,"""Esther: \""Where are you going\?\""\nSamantha: \""I\'m going to the toilet.\""\nEsther: \""Nice, go piss girl\""\nSamantha: \""I\'m not going to piss, I\'m just going to pee.\""\n"""
Null,"""Esther: \""How about another\?\""\nSusanne: \""I don\'t know, I don\'t want to get too drunk.\""\nEsther: \""Then get a glass of water from the table\""\nSusanne: \""I already did.\""\n"""
Null,"""Sofia: \""That\'s amazing\""\nSusanne: \""I know, right\?\""\nSofia: \""Do you want to do some shots with me\?\""\nSusanne: \""Sure!\""\n"""
Null,"""Sofia: \""Hey Lisa, what are you like\?\""\nLisa: \""I\'m like... I don\'t know. I\'m just really thirsty.\""\nSofia: \""Oh, I\'m sorry. Do you want a glass of water\?\""\nLisa: \""Yes, please.\""\n"""
drink water,"""Sofia: \""Would you like to dance with me\? I think you\'re really pretty.\""\nEmily: \""I don\'t really feel like dancing right now, but thank you for asking.\""\nSofia: \""Oh wow, are you just going to ignore that I have a crush on you\?\""\nEmily: \""I\'m sorry, I didn\'t mean to ignore you. I\'m just not interested in dancing or drinking right now.\""\n"""
Null,"""Nikolaj: \""Oh, that\'s sad. What are you in the mood for\?\""\nMartin: \""I don\'t know. Maybe just some water.\""\nNikolaj: \""Alright, you can get some in the kitchen.\""\nMartin: \""Thanks.\""\n"""
Null,"""Ruben: \""Hey what\'s up Steven my dude! My best friend! So good to see you!\""\nSteven: \""Hey man, I\'m doing alright. Just a little thirsty.\""\nRuben: \""Let\'s chug an ale then, dude!\""\nSteven: \""Alright.\""\n"""
dance,"""Lina: \""What, you don\'t like chips\? I have your favourite pretzels\""\nEmily: \""No, I really don\'t like anything here. Do you have any water\?\""\nLina: \""Yeah sure, there\'s water by the sink\""\nEmily: \""Thanks.\""\n"""
Null,"""Lina: \""Oh, what do you like then\?\""\nSteven: \""I like beer.\""\nLina: \""That\'s cool! Let\'s share a drink!\""\nSteven: \""No, thank you.\""\n"""
drink alcohol,"""Lina: \""What savory snacks do you like\?\""\nEmily: \""I don\'t know, I just want some water.\""\nLina: \""Alright, get some water then, you idiot\""\nEmily: \""I don\'t know, I just want some water.\""\n"""
Null,"""\nJean: \""Do you want chips or tiramisu\?\""\nSusanne: \""I\'ll have some of both, please.\""\n"""
Null,"""Jean: \""Hey Emily, do you want some chips\?\""\nEmily: \""No thanks, I\'m not really hungry.\""\nJean: \""What about a sweet treat\?\""\nEmily: \""No, I don\'t really have a sweet tooth.\""\n"""
pee,"""Jean: \""Emily, you haven\'t had anything all day. At least an apple\?\""\nEmily: \""No, I don\'t want an apple.\""\nJean: \""What do you want to eat\?\""\nEmily: \""I don\'t know, I\'m not really hungry.\""\n"""
pee,"""\nJean: \""Samantha, would you do me a favour and try my new pizza recipe\?\""\nSamantha: \""Sure, I love pizza.\""\n"""
pee,"""Jean: \""Emily, would you do me a favour and try my deviled eggs\?\""\nEmily: \""No, thank you. I don\'t really like deviled eggs.\""\nJean: \""Please, it would mean the world to me\""\nEmily: \""Fine, I\'ll try one.\""\n"""
Null,"""Peter: \""Hey Martin, your walking a bit funny. Do you need to pee\?\""\nMartin: \""No, I don\'t need to pee. I\'m just really thirsty.\""\nPeter: \""That\'s cool, you can get a glass of water over there\""\nMartin: \""Thanks Peter.\""\n"""
drink alcohol,"""\nPeter: \""Hey Emily, do you have to pee\?\""\nEmily: \""No, I don\'t have to pee.\""\n"""
drink water,"""Peter: \""Hey Samantha, I don\'t want to stress you out, but maybe you need to quickly go to the bathroom.\""\nSamantha: \""I\'m fine, I just drank some water and ate something.\""\nPeter: \""Yeah, which will make you pee\""\nSamantha: \""I\'ll be fine, I can hold it.\""\n"""
Null,"""Peter: \""Sam, you have a red spot on your pants. I think you got your period\""\nSamantha: \""No, I just peed myself a little. I\'m fine.\""\nPeter: \""Don\'t you want to go to the toilet\? Please, everyone\'s staring.\""\nSamantha: \""No, I\'m fine. It\'s just a little wet spot.\""\n"""
drink water,"""Irwin: \""Have you had any chips yet\?\""\nEmily: \""No, I\'m not really that hungry.\""\nIrwin: \""Do you want anything else then\?\""\nEmily: \""No, I\'m good.\""\n"""
drink alcohol,"""Irwin: \""You hate chips, don\'t you\?\""\nSusanne: \""I love chips!\""\nIrwin: \""Oh wow, I remembered this very differently. Want to get some then\?\""\nSusanne: \""Sure!\""\n"""
drink water,"""\nIrwin: \""What\'s up Emily, what do you want to do\? I\'d love to hang out a bit\""\nEmily: \""I don\'t know, I\'m feeling a bit thirsty. I think I might get something to drink\""\n"""
Null,"""Kerstin: \""Susanne, there\'s something I need to show you... it\'s on the toilet. Come with me please\""\nSusanne: \""Okay, I\'ll be right back Steven.\""\nKerstin: \""I want to pee with you, Susanne.\""\nSusanne: \""Okay.\""\n"""
Null,"""Kerstin: \""Hey Lisa, what\'s up\?\""\nLisa: \""I\'m just really thirsty and I feel like I need to pee.\""\nKerstin: \""I recommend you go pee now, before there\'s a huge line.\""\nLisa: \""Okay, thanks.\""\n"""
eat,"""Claire: \""Hey Emily, what would you like to do\?\""\nEmily: \""I don\'t know, I\'m kind of thirsty.\""\nClaire: \""You can get a glass of water by the sink!\""\nEmily: \""Thanks!\""\n"""
Null,"""\nClaire: \""Emily, would you like a snack\?\""\nEmily: \""No, I\'m fine. Thanks.\""\n"""
Null,"""Claire: \""Emily, I\'m so happy you\'re here! Let\'s have a drink to celebrate! Here, take my cocktail!\""\nEmily: \""Thanks, Claire. I\'m actually feeling a bit thirsty, so I think I\'ll have some water instead.\""\nClaire: \""That\'s alright, too!\""\nEmily: \""Thanks.\""\n"""
eat,"""Claire: \""That\'s alright, too!\""\nEmily: \""Thanks.\""\nClaire: \""What about a snack\? I\'d love to get you to test my pretzels\""\nEmily: \""I\'m actually not feeling very hungry right now, but thank you.\""\n"""
eat,"""Ulrich: \""Let\'s have a toast!\""\nSusanne: \""Yes, let\'s have a toast!\""\nUlrich: \""You don\'t have a drink! You can get one at the bar\""\nSusanne: \""Yes, I\'ll get one at the bar.\""\n"""
drink water,"""\nUlrich: \""Hey Susanne, what\'s up\?\""\nSusanne: \""I\'m just going to the toilet, I\'ll be right back.\""\n"""
Null,"""Ulrich: \""How are you\? You look a bit tired\""\nEmily: \""I\'m fine, just a bit thirsty. I think I\'m going to get some water.\""\nUlrich: \""That\'s great. How about a beer instead\?\""\nEmily: \""No, I don\'t really want one.\""\n"""
Null,"""Ulrich: \""Did something happen\? I\'m so sorry\""\nEmily: \""No, it\'s nothing. I\'m just tired.\""\nUlrich: \""Did you not get enough sleep\?\""\nEmily: \""I don\'t know, I just feel a bit off.\""\n"""
Null,"""Ulrich: \""Do you want to go home\? You don\'t have to stay if you feel bad.\""\nEmily: \""No, I don\'t want to go home. I\'ll just get some water and lie down for a bit.\""\nUlrich: \""Alright, please do.\""\nEmily: \""Thanks.\""\n"""
Null,"""Ulrich: \""Lisa, I love your hair!\""\nLisa: \""Thank you, Ulrich. I love your house!\""\nUlrich: \""Haha, thank you! It was very expensive. I\'m very rich.\""\nLisa: \""I can tell.\""\n"""
eat,"""Ulrich: \""Hey Martin, my dude, my man, my best friend! What\'s UP\?\?\""\nMartin: \""Not much, just enjoying the party.\""\nUlrich: \""I love that! Let\'s dance and rave and get the party started!\""\nMartin: \""Sure, let\'s go.\""\n"""
drink water,"""Pirmin: \""If you go pee right now, I\'ll give you a million dollars.\""\nEmily: \""No way! I\'m not going to pee myself for a million dollars!\""\nPirmin: \""You can go to the toilet.\""\nEmily: \""No, I don\'t want to go to the toilet.\""\n"""
pee,"""Pirmin: \""Thanks! Do you want a beer to spill on it, too\?\""\nEmily: \""No, thanks. I\'m actually feeling a bit thirsty.\""\nPirmin: \""What, beer is mostly water! Try it!\""\nEmily: \""No, thanks. I think I\'ll just have some water.\""\n"""
pee,"""Pirmin: \""Well, you ARE in the bathroom right now\""\nLisa: \""I\'m just thirsty, I swear.\""\nPirmin: \""I CAN SEE YOU\'RE IN THE BATHROOM, LISA!\""\nLisa: \""I\'m just thirsty, I swear.\""\n"""
drink water,"""Katrin: \""You\'re ugly, Susanne. You would be prettier if you drank a cocktail, like Marilyn Monroe.\""\nSusanne: \""I don\'t want to drink. I\'m pregnant.\""\nKatrin: \""Oh. Sorry for calling you ugly I guess.\""\nSusanne: \""It\'s okay, I know I\'m not the prettiest girl at this party.\""\n"""
Null,"""Esther: \""Samantha, let\'s go dance together! We haven\'t gone clubbing in so long.\""\nSamantha: \""I don\'t know, I\'m not really feeling it.\""\nEsther: \""Plase, samantha, for me\?\""\nSamantha: \""Fine, but just for a little while.\""\n"""
drink water,"""Esther: \""Why not\?\""\nSamantha: \""I don\'t want to look stupid.\""\nEsther: \""Dance like nobody is watching, have you never heard that before\? It\'ll be fun.\""\nSamantha: \""Fine, but you have to promise not to laugh at me.\""\n"""
Null,"""Esther: \""Let\'s get this party started!\""\nSusanne: \""I\'m not really in the mood.\""\nEsther: \""Then you can fuck off and go home, Susanne. Party Killer.\""\nSusanne: \""Fine, I\'ll leave.\""\n"""
drink alcohol,"""Esther: \""Why, do you need to piss\?\""\nEmily: \""No, I just need to wash my hands.\""\nEsther: \""Why not pee when you\'re at it\?\""\nEmily: \""I don\'t really have to go.\""\n"""
pee,"""Trevor: \""Wow, you\'re a great dancer, Lisa!\""\nLisa: \""Thanks, Trevor. I\'m just really enjoying the music.\""\nTrevor: \""That\'s so cool! Let\'s dance another round.\""\nLisa: \""Sure!\""\n"""
drink water,"""Trevor: \""Cool, me too! Who\'s your favourite rapper\?\""\nSusanne: \""I really like Kendrick Lamar.\""\nTrevor: \""He has some great lyrics. What\'s your favourite song\?\""\nSusanne: \""I really like \'Humble.\'\""\n"""
Null,"""Trevor: \""I don\'t think I know that one. Do you want to play it for me, and we can dance together\?\""\nSusanne: \""Yeah, that sounds fun!\""\nTrevor: \""That\'s great! I\'ll meet you on the dance floor.\""\nSusanne: \""Okay!\""\n"""
drink water,"""Trevor: \""What\'s your favourite genre of music\?\""\nLisa: \""I like all kinds of music, but I especially love rap and hip hop.\""\nTrevor: \""You should talk to Susanne, she loves rap. Especially Kendrick Lamar.\""\nLisa: \""I love Kendrick Lamar too! I\'ll go talk to her.\""\n"""
Null,"""Trevor: \""Oh really\? I don\'t know a lot about jazz, who\'s your favourite artist\?\""\nMartin: \""Miles Davis is my favourite jazz artist. I also like John Coltrane and Charlie Parker.\""\nTrevor: \""Do you play any instruments\?\""\nMartin: \""I used to play the piano when I was younger, but I don\'t really play any instruments now.\""\n"""
dance,"""Trevor: \""Do you play any instruments\?\""\nMartin: \""I used to play the piano when I was younger, but I don\'t really play any instruments now.\""\nTrevor: \""Do you want to have a gin tonic with me, and we can talk a bit more about Miles Davis\?\""\nMartin: \""Sure, I\'d love to.\""\n"""
Null,"""Oli: \""I\'ll show you some basic dance moves.\""\nSusanne: \""Okay, that sounds like fun.\""\nOli: \""Cool, let\'s dance!\""\nSusanne: \""Okay!\""\n"""
drink water,"""Oli: \""Oh you are\?\""\nSteven: \""Yeah, I am. It\'s a lot of work, but it\'s really fulfilling.\""\nOli: \""That\'s so cool. Want some pretzels\?\""\nSteven: \""Sure.\""\n"""
Null,"""Oli: \""What\'s your job about\?\""\nSteven: \""I\'m a software engineer.\""\nOli: \""What a coincidence, I\'m a software devloper too! I made you, too.\""\nSteven: \""...\""\n"""
Null,"""Oli: \""Cool, let\'s dance!\""\nSusanne: \""Okay!\""\nOli: \""Are you peeing\? Am I interrupting you\?\""\nSusanne: \""No, I\'m not peeing. I just have to go to the bathroom.\""\n"""
dance,"""Zoe: \""I see. Do you not like art\?\""\nEmily: \""I like art, I just didn\'t see your painting.\""\nZoe: \""No need to be a bitch about it, Emily.\""\nEmily: \""I\'m sorry, I didn\'t mean to be a bitch.\""\n"""
dance,"""Zoe: \""It\'s okay. I\'m sorry too, I\'m a bit on edge.\""\nEmily: \""I understand.\""\nZoe: \""Thanks. I\'m getting a gin tonic for myself, do you want one\?\""\nEmily: \""Yes, I would love one.\""\n"""
leave,"""Zoe: \""Fuck you.\""\nSamantha: \""Fuck you too, bitch.\""\nZoe: \""Wow. Get out right now!\""\nSamantha: \""Whatever.\""\n"""
Null,"""Zoe: \""It has ham and pineapples on it.\""\nEmily: \""I don\'t like ham or pineapples on my pizza.\""\nZoe: \""Oh. Do you just want a pizza margaritha then\?\""\nEmily: \""Yes, that would be great.\""\n"""
dance,"""Oma: \""OH NO! What about a snack then\?\""\nSamantha: \""I\'m not really hungry.\""\nOma: \""Oh no. Do you want to dance a bit\?\""\nSamantha: \""I don\'t really know how.\""\n"""
Null,"""Oma: \""I\'ve been in love with your husband forever.\""\nSamantha: \""That\'s not confession worthy.\""\nOma: \""What\? Me being in love with your husband since we met is not cofession worthy\?\""\nSamantha: \""No, it\'s not a big deal. I\'m not mad or anything.\""\n"""
dance,"""Oma: \""Anyway, I also cheated with your husband. Are you mad\?\""\nSamantha: \""No, I\'m not mad. What\'s done is done.\""\nOma: \""Wow, you\'re taking this really well.\""\nSamantha: \""I told you, it\'s not a big deal. I\'m not mad.\""\n"""
Null,"""Oma: \""Emily, did you know I fucked Samantha\'s husband\? She\'s not even mad.\""\nEmily: \""No, I didn\'t know that. But I\'m not really surprised.\""\nOma: \""WHAT\? Why aren\'t you suprised\?\""\nEmily: \""Well, I know that you\'ve been sleeping with a lot of married men lately.\""\n"""
Null,"""Liya: \""I just wanted to tell you I don\'t mind you being here, no matter what other people say.\""\nSusanne: \""I appreciate that. I know it\'s not easy for you, having me here.\""\nLiya: \""Yeah. It\'s tough. But I still love you. Do you want a beer or something\?\""\nSusanne: \""No, I\'m good. Thanks.\""\n"""
drink alcohol,"""Liya: \""Just do it for me!\""\nSusanne: \""I don\'t want to.\""\nLiya: \""Please please please have a shot\""\nSusanne: \""No, I don\'t want to.\""\n"""
dance,"""Liya: \""I\'ve read that one.\""\nMartin: \""It\'s a great book.\""\nLiya: \""Who\'s the main character again\? Holden Caulfield\?\""\nMartin: \""Yeah, Holden Caulfield.\""\n"""
eat,"""Nikolaj: \""Haha did you see that\?\""\nEmily: \""Yeah, I feel really bad for him.\""\nNikolaj: \""Do you know why he did it\?\""\nEmily: \""I heard that he was really drunk and didn\'t know what he was doing.\""\n"""
Null,"""\nNikolaj: \""Are you okay\?\""\nEmily: \""Yeah, I\'m just gonna go to the toilet real quick.\""\n"""
Null,"""\nNikolaj: \""Hey Emily, here\'s your beer. Cheers.\""\nEmily: \""Cheers.\""\n"""
Null,"""Nikolaj: \""What do you want to drink\?\""\nSusanne: \""I don\'t know. What do you have\?\""\nNikolaj: \""I\'m having a whiskey sour.\""\nSusanne: \""I\'ll have one of those.\""\n"""
drink alcohol,"""Nikolaj: \""Do you like to dance\?\""\nEmily: \""I love to dance!\""\nNikolaj: \""You should show me your moves!\""\nEmily: \""Okay!\""\n"""
leave,"""Nikolaj: \""Do you want a snack\? I prepared plenty.\""\nMartin: \""No, thanks. I\'m not really that hungry.\""\nNikolaj: \""What would you like then\?\""\nMartin: \""Just some water, thanks.\""\n"""
eat,"""Nikolaj: \""Hey Emily, how\'s the new apartment\?\""\nEmily: \""It\'s really great, thank you for asking.\""\nNikolaj: \""Have you hosted anyone yet\?\""\nEmily: \""No, not yet. I\'m planning on having a small gathering soon.\""\n"""
Null,"""Nikolaj: \""Do you like my decoration\? I got the rug under the coffee table just recently\""\nEmily: \""Yes, it really ties the room together.\""\nNikolaj: \""Thanks! I also have a nice whiskey collection. Do you want one\?\""\nEmily: \""No, I\'m good. I don\'t really drink.\""\n"""
Null,"""Zoe: \""Here, take a piece of pizza.\""\nEmily: \""No, I don\'t really like pizza.\""\nZoe: \""But you look really hungry\""\nEmily: \""No, I don\'t really like pizza.\""\n"""
Null,"""Zoe: \""Let\'s dance!\""\nSteven: \""No thanks, I don\'t really feel like it.\""\nZoe: \""Would you prefer if I played some different music\?\""\nSteven: \""No, it\'s fine. I\'m just not in the mood to dance right now.\""\n"""
Null,"""Zoe: \""If you come to the dance floor, I\'ll show you my new moves!\""\nSusanne: \""No thanks, I\'m not really in the mood.\""\nZoe: \""That\'s so sad, everyone says that. Pleeeeease\?\?\""\nSusanne: \""No, I don\'t want to.\""\n"""
Null,"""Irina: \""Are you excited for the party\? I can\'t wait to get on the dance floor!\""\nSusanne: \""I am, but I\'m a bit thirsty. Can I get something to drink\?\""\nIrina: \""Of course! There\'s beer at the bar!\""\nSusanne: \""Great, thanks!\""\n"""
Null,"""Irina: \""Not trying to be rude, but your attitude is really dragging the party down. Maybe you should go...\""\nSusanne: \""I\'m not drunk, I can hold my liquor. I\'m just thirsty.\""\nIrina: \""Susanne, that\'s not what this is about. You\'re just being unpleasant to everyone.\""\nSusanne: \""I\'m not drunk, I can hold my liquor. I\'m just thirsty.\""\n"""
Null,"""Trevor: \""Hey Sam\""\nSamantha: \""Hey Trevor, what\'s up\?\""\nTrevor: \""I\'m getting some nuts and pretzels\""\nSamantha: \""I\'m getting some nuts and pretzels\""\n"""
Null,"""Trevor: \""Susanne, I missed you\""\nSusanne: \""I missed you too Trevor. I\'m so glad you invited me to this party.\""\nTrevor: \""Of course! You\'re such a party machine!\""\nSusanne: \""I know! I\'m just so thirsty. I think I\'m going to get another beer.\""\n"""
pee,"""Trevor: \""Do you want to do some shots with Sam\?\""\nSamantha: \""No, I don\'t really drink.\""\nTrevor: \""Aww, come on, for me\? I\'m a birthday boy!\""\nSamantha: \""No, I don\'t really drink.\""\n"""
drink alcohol,"""Ruth: \""I think you pissed your pants\""\nEmily: \""I don\'t think so\""\nRuth: \""Well, did you spill a drink then\? Your pants are wet\""\nEmily: \""I don\'t know, I\'ll go check\""\n"""
drink alcohol,"""Ruth: \""I see. What do you want then\?\""\nLisa: \""I don\'t know. A drink, I guess.\""\nRuth: \""We have cider, if you want one\""\nLisa: \""Yeah, that sounds good.\""\n"""
dance,"""Ruth: \""Sam, you\'ve had a bunch of beers already. Just drink some water, please.\""\nSamantha: \""I don\'t want water. I want a beer.\""\nRuth: \""Please, for me. Just drink a glass of water.\""\nSamantha: \""Fine, I\'ll drink a stupid glass of water.\""\n"""
drink water,"""Ruth: \""What did you have\?\""\nLisa: \""I don\'t remember, but it was good.\""\nRuth: \""Maybe the pizza rolls\? Do you want to get a few more\?\""\nLisa: \""Yeah, that sounds good.\""\n"""
Null,"""Ruth: \""Alright\""\nSamantha: \""I\'m going to the bathroom.\""\nRuth: \""Okay, have fun\""\nSamantha: \""I will.\""\n"""
Null,"""Urs: \""I want you to leave.\""\nEmily: \""I\'m sorry, I didn\'t mean to bore you.\""\nUrs: \""Go home, Emily.\""\nEmily: \""I\'m sorry, I\'ll go.\""\n"""
Null,"""Robert: \""I don\'t like gin.\""\nSamantha: \""I\'m not drinking gin, I\'m drinking beer.\""\nRobert: \""That\'s cool. Do you want another one\?\""\nSamantha: \""Sure.\""\n"""
Null,"""Robert: \""Hmm\""\nLisa: \""I don\'t need to pee.\""\nRobert: \""Would you pee if I asked you nicely\?\""\nLisa: \""No, I don\'t need to pee.\""\n"""
Null,"""Robert: \""Hey Emily, want some spicy peanuts\?\""\nEmily: \""No thanks, I\'m not really hungry.\""\nRobert: \""I see. What about a beer, then\?\""\nEmily: \""No thanks, I don\'t really drink.\""\n"""
drink alcohol,"""Robert: \""You HAVE to try the siracha peanuts, man! They\'re delicious.\""\nMartin: \""No, thank you. I don\'t really like peanuts.\""\nRobert: \""What, are you allergic\?\""\nMartin: \""No, I just don\'t like the taste.\""\n"""
Null,"""Robert: \""Why does nobody want to try my pizza\? This is so sad.\""\nEmily: \""I\'m sorry, I didn\'t mean to hurt your feelings.\""\nRobert: \""You can try a slice if you\'re so sorry.\""\nEmily: \""No, thank you.\""\n"""
eat,"""Lisa: \""No, I don\'t need to pee.\""\nRobert: \""Hey, do you want some water\?\""\nLisa: \""Yes, I\'m thirsty.\""\nRobert: \""Sparkling or still\?\""\n"""
drink alcohol,"""Paul: \""Hey Emily, what do you want to drink\?\""\nEmily: \""I\'ll have a beer please.\""\nPaul: \""Great! You can go get it yourself.\""\nEmily: \""Oh, okay.\""\n"""
Null,"""Paul: \""I saw you flirt with Emily. Is something going on between you two\?\""\nLisa: \""No, we\'re just friends. I was just joking around.\""\nPaul: \""That\'s cool. Because she\'s my girlfriend, and I don\'t want you hitting on her.\""\nLisa: \""I would never do that. I\'m sorry if it made you uncomfortable.\""\n"""
pee,"""Paul: \""I believe you. Want to drink on it\?\""\nLisa: \""Sure.\""\nPaul: \""Great! A toast to you not stealing my girlfriend!\""\nLisa: \""Cheers!\""\n"""
drink alcohol,"""Paul: \"" Do you want some pretzels\? They\'re really good.\""\nEmily: \""Yeah, I\'ll have some.\""\nPaul: \""Great! They\'re on the snack table.\""\nEmily: \""Thanks.\""\n"""
drink water,"""Nikolaj: \""Glad you could come. Can I offer you a beer\?\""\nSteven: \""No, thanks. I\'m not really thirsty.\""\nNikolaj: \""Alright. Do you want anything else then\?\""\nSteven: \""No, I\'m good.\""\n"""
eat,"""\nNikolaj: \""Hey Sam, anything I can help you with\?\""\nSamantha: \""No, I\'m just going to the toilet.\""\n"""
pee,"""Nikolaj: \""You absolutely HAVE to try the tiramisu! It\'s so good! Frank brought it.\""\nSusanne: \""I don\'t really like tiramisu.\""\nNikolaj: \""You\'ll love this one, I promise!\""\nSusanne: \""No, really, I don\'t like it.\""\n"""
leave,"""Nikolaj: \""Hi! Glad you could come! There\'s snacks on the table over there.\""\nSamantha: \""Thanks.\""\nNikolaj: \""Don\'t you want to get some\?\""\nSamantha: \""I will in a bit. I\'m just enjoying the atmosphere for now.\""\n"""
drink alcohol,"""Nikolaj: \""That\'s nice. I\'m glad you\'re enjoying yourself\""\nSamantha: \""I am. Thanks for having me over.\""\nNikolaj: \""Of course! We can dance together if you want.\""\nSamantha: \""I might take you up on that later. Right now I\'m just going to enjoy the music.\""\n"""
Null,"""Nikolaj: \""That pizza place you told me about was great! Thanks for the tip.\""\nEmily: \""No problem, I\'m just glad you liked it. Hey, do you mind if I use your bathroom\?\""\nNikolaj: \""Of course not, go ahead!\""\nEmily: \""Thanks!\""\n"""
Null,"""Nikolaj: \""Have you heard Samantha got divorced\?\""\nEmily: \""Yeah, I heard. I\'m really sorry for her.\""\nNikolaj: \""Yeah, it sucks. I feel a bit bad because I cheated with her ex-husband. But you know. Live and let live.\""\nEmily: \""Yeah, I guess so.\""\n"""
Null,"""Nikolaj: \""Do you want to take some shots with me\?\""\nEmily: \""Sure.\""\nNikolaj: \""Let\'s go! Let\'s toast on Sam\'s divorce!\""\nEmily: \""Yeah, sure.\""\n"""
Null,"""Nikolaj: \""What\'s the gossip\?\""\nEmily: \""I don\'t know. I heard that she\'s getting a lot of money from the divorce.\""\nNikolaj: \""Wow, good for her! Maybe she can invite us somewhere next, haha.\""\nEmily: \""Yeah, maybe.\""\n"""
drink water,"""Nikolaj: \""Hey, are you alright\? Need anything\?\""\nEmily: \""No, I\'m good. Just a little thirsty.\""\nNikolaj: \""There\'s water on the table, please help yourself.\""\nEmily: \""Thanks.\""\n"""
drink alcohol,"""Evelyn: \""What have you been up to\?\""\nEmily: \""I\'ve been working a lot lately.\""\nEvelyn: \""I see, still the job at the clown factory\?\""\nEmily: \""No, I left that job. I\'m working at a daycare now.\""\n"""
Null,"""Evelyn: \""Are the kids nice\? Do they behave\?\""\nEmily: \""They\'re great, and yes, they behave most of the time.\""\nEvelyn: \""Do you want to tell me more while we have a beer\? I\'m getting pretty thirsty.\""\nEmily: \""Yeah, sure.\""\n"""
drink alcohol,"""Evelyn: \""Hey Steven, how\'s it going\?\""\nSteven: \""I\'m doing alright, thanks for having me over.\""\nEvelyn: \""Of course! Can I offer you anything\?\""\nSteven: \""No, I\'m good, thanks.\""\n"""
eat,"""Nikolaj: \""Sure you can. Do you want to dance with me\?\""\nLisa: \""No, I don\'t want to dance with you.\""\nNikolaj: \""Wow, way to shoot me down. What about dancing alone then\?\""\nLisa: \""No, I don\'t want to dance with you.\""\n"""
Null,"""Nikolaj: \""Hey Steven, my man, you seem a bit tipsy. Why not have a glass of water\?\""\nSteven: \""No, I\'m fine. Thanks though.\""\nNikolaj: \""Come on, just a sip\?\""\nSteven: \""No, I don\'t want to. Thanks though.\""\n"""
pee,"""Nikolaj: \""I\'m having trouble getting anyone to dance. Would you go dance, please\?\""\nSamantha: \""I would love to, but I really need to pee first.\""\nNikolaj: \""Alright. Go pee then.\""\nSamantha: \""I will.\""\n"""
Null,"""Nikolaj: \""What do you want then, you buzzkill\?\""\nMartin: \""I don\'t know. Maybe a drink\?\""\nNikolaj: \""Sure! There\'s plenty of beers over there.\""\nMartin: \""Thanks.\""\n"""
eat,"""Nikolaj: \""Hey bestie, what\'s up\? Having fun\?\""\nSteven: \""Yeah, yeah I am. Just needed to take a leak.\""\nNikolaj: \""Have fun on the toilet.\""\nSteven: \""...\""\n"""
Null,"""Nikolaj: \""What if you had a big glass of water now, Steven\?\""\nSteven: \""I don\'t know, I just felt like I needed to go.\""\nNikolaj: \""Please, don\'t get stuck in a loop again.\""\nSteven: \""I won\'t, I promise.\""\n"""
pee,"""\nNikolaj: \""Would you come to the kitchen and try my hummus\? I feel like people don\'t like it, but I can\'t be sure.\""\nEmily: \""Sure, I love hummus.\""\n"""
Null,"""Nikolaj: \""What about peanuts\?\""\nEmily: \""I love peanuts!\""\nNikolaj: \""That\'s great! There\'s some over there, help yourself.\""\nEmily: \""Thanks!\""\n"""
drink alcohol,"""Nikolaj: \""Steven. Please.\""\nSteven: \""No.\""\nNikolaj: \""Why are you being so difficult\?\""\nSteven: \""I don\'t want to.\""\n"""
Null,"""Nikolaj: \""Did you wash your hands when you came back from the toilet\?\""\nEmily: \""Yes, of course I did.\""\nNikolaj: \""That\'s good. I\'m sure you weren\'t lying about it either.\""\nEmily: \""I wasn\'t lying, I promise.\""\n"""
drink water,"""Nikolaj: \""If you could only say goodbye to one person before you were being launched into space, who would it be\?\""\nEmily: \""Steven, I guess.\""\nNikolaj: \""Oh really\? Are you guys close\?\""\nEmily: \""Not really, but he\'s the only person here that I don\'t hate.\""\n"""
Null,"""Nikolaj: \""Ouch. That was very... honest.\""\nEmily: \""I\'m sorry. I didn\'t mean to hurt your feelings.\""\nNikolaj: \""It\'s alright. Do you want some peanuts\?\""\nEmily: \""No, thank you.\""\n"""
drink alcohol,"""Nikolaj: \""Did you know Emily thinks you\'re really cool\? She just told me.\""\nSteven: \""That\'s great, I think she\'s really cool too.\""\nNikolaj: \""Have you guys been friends for long\?\""\nSteven: \""Yeah, we\'ve known each other since high school.\""\n"""
Null,"""Luisa: \""How about a glass of wine then\?\""\nSteven: \""Sure, I\'ll have a glass of wine.\""\nLuisa: \""Nice! \""\nSteven: \""I\'m going to go to the bathroom real quick. I\'ll be right back.\""\n"""
Null,"""Luisa: \""How about a glass of wine then\?\""\nSteven: \""Sure, I\'ll have a glass of wine.\""\nLuisa: \""Nice! \""\nSteven: \""I\'m going to go to the bathroom real quick. I\'ll be right back.\""\n"""
Null,"""Luisa: \""Jesus. What do you like\?\""\nLisa: \""I like water.\""\nLuisa: \""Hmm. A safe choice. You can get a glass in the kitchen if you want to.\""\nLisa: \""No, I\'m good. I don\'t really like water.\""\n"""
pee,"""Luisa: \""Yeah, you could. By dancing, for example.\""\nLisa: \""I don\'t really like to dance.\""\nLuisa: \""See, that\'s why you\'re not fun. You should just try.\""\nLisa: \""I\'ll try.\""\n"""
drink alcohol,"""Luisa: \""Emily. You always say this, and it\'s never true.\""\nEmily: \""I\'m not drunk. I swear.\""\nLuisa: \""Alright. I believe you.\""\nEmily: \""Thanks.\""\n"""
pee,"""Luisa: \""Alright. I believe you.\""\nEmily: \""Thanks.\""\nLuisa: \""Do you want a glass of water\?\""\nEmily: \""Yes, please.\""\n"""
Null,"""Luisa: \""Write me a python script for saving recipes.\""\nEmily: \""I don\'t know how to code in python.\""\nLuisa: \""Oh, you don\'t\? I thought you were a programmer.\""\nEmily: \""No, I\'m not a programmer. I don\'t know how to code in python.\""\n"""
eat,"""Luisa: \""Martin, how would you convinve someone to have a drink\?\""\nMartin: \""I would tell them that it\'s a great way to relax and have fun.\""\nLuisa: \""Martin, do you want a drink\? It\'s a great way to relax and have fun.\""\nMartin: \""No, thank you. I\'m not thirsty.\""\n"""
eat,"""Luisa: \""I\'m not thirsty.\""\nMartin: \""I\'m not thirsty.\""\nLuisa: \""You\'re an idiot\""\nMartin: \""I\'m not thirsty.\""\n"""
Null,"""Luisa: \""I hate Martin.\""\nSteven: \""I don\'t like him either.\""\nLuisa: \""Right\? He\'s such a buzzkill.\""\nSteven: \""Yeah, he really is.\""\n"""
Null,"""Luisa: \""Not like you. You\'re so much fun. Do you want to go dancing\?\""\nSteven: \""Sure, I\'d love to.\""\n"""
Null,"""Luisa: \""Not like you. You\'re so much fun. Do you want to go dancing\?\""\nSteven: \""Sure, I\'d love to.\""\nLuisa: \""Yay!\""\nSteven: \""I\'ll just go to the bathroom first.\""\n"""
Null,"""Nikolaj: \""Seen any good movies recently\?\""\nSusanne: \""Yeah, I saw The Social Network last week. It was really good.\""\nNikolaj: \""Oh really\? I haven\'t heard of it. What is it about\?\""\nSusanne: \""It\'s about the founding of Facebook.\""\n"""
Null,"""Nikolaj: \""It\'s a miracle. They think I made it up.\""\nEmily: \""That\'s incredible! What did the doctor say\?\""\nNikolaj: \""As I said, they don\'t believe me. But you believe me, right\?\""\nEmily: \""Of course I do, Nikolaj. You\'re my friend.\""\n"""
drink alcohol,"""Nikolaj: \""Would you also try the cocktail I made\? It contains some of my blood.\""\nEmily: \""No, thank you. I don\'t think that would be a good idea.\""\nNikolaj: \""It\'s delicious.\""\nEmily: \""No, thank you. I don\'t think that would be a good idea.\""\n"""
pee,"""Nikolaj: \""Would you drink spinal fluid if you got the chance\?\""\nEmily: \""No, I don\'t think so.\""\nNikolaj: \""Why not\? I think it would be caramel-y. Delicious.\""\nEmily: \""Ew, no. That\'s gross.\""\n"""
Null,"""Nikolaj: \""Would you eat my leg if I gave it to you\? Like, nicely roasted.\""\nSteven: \""No, I don\'t think so.\""\nNikolaj: \""Why not\? I think it would be so tender and nice.\""\nSteven: \""Well, I don\'t really like the taste of human flesh, and I think it would be kind of gross.\""\n"""
dance,"""Nikolaj: \""Alright. I can give you some peanuts instead\""\nSteven: \""That would be great, thank you.\""\nNikolaj: \""Are you vegan\? We also have vegan peanuts.\""\nSteven: \""No, I\'m not vegan.\""\n"""
Null,"""Nikolaj: \""Martin, do you like steak\? Michelin-star-worthy steak\?\""\nMartin: \""Yes, I love steak.\""\nNikolaj: \""Great! You can get some at the snack table.\""\nMartin: \""Thank you.\""\n"""
drink water,"""Nikolaj: \""Wow, you\'re so boring.\""\nMartin: \""No, thank you.\""\nNikolaj: \""Martin, you suck.\""\nMartin: \""No, thank you.\""\n"""
Null,"""Nikolaj: \""What does everyone like\?\""\nEmily: \""I don\'t know, what do you like\?\""\nNikolaj: \""Myself!\""\nEmily: \""That\'s not really an answer.\""\n"""
Null,"""Nikolaj: \""Well, what do you like then\?\""\nEmily: \""I like music.\""\nNikolaj: \""Cool, want to dance\?\""\nEmily: \""Sure.\""\n"""
Null,"""\nUrs: \""Hey Samantha, do you want a beer\?\""\nSamantha: \""Yes, I would love one.\""\n"""
Null,"""Urs: \""How about a glass of water\?\""\nEmily: \""No, I don\'t want water.\""\nUrs: \""What about a beer\?\""\nEmily: \""Yes, I\'ll have a beer.\""\n"""
dance,"""Nikolaj: \""Oh. What games do you like\?\""\nLisa: \""I like party games.\""\nNikolaj: \""Cool! What\'s your favourite party game\?\""\nLisa: \""I like charades.\""\n"""
pee,"""Nikolaj: \""Why not\? Do you not drink\?\""\nLisa: \""I do drink, but I don\'t like playing drinking games.\""\nNikolaj: \""Do you want to have a beer with me\?\""\nLisa: \""No, I don\'t really want to drink right now.\""\n"""
Null,"""Nikolaj: \""I like ice cream.\""\nSamantha: \""I like ice cream too.\""\nNikolaj: \""I have some in the freezer. You want any\?\""\nSamantha: \""Sure.\""\n"""
Null,"""Nikolaj: \""I just like, met Jesus and god. When I was on the toilet just now. He said I looked really good in my new outfit.\""\nMartin: \""That\'s really weird. I mean, I don\'t even believe in god.\""\nNikolaj: \""Well, maybe you should go to the toilet and check for yourself.\""\nMartin: \""I don\'t think so.\""\n"""
Null,"""Nikolaj: \""Why not\? It\'s just over there. Just a quick walk away.\""\nMartin: \""No, I don\'t think so.\""\nNikolaj: \""What if I told you jesus was hot\?\""\nMartin: \""I still don\'t think so.\""\n"""
Null,"""Nikolaj: \""Have you seen my drink\? I put it somewhere.\""\nSamantha: \""No, I haven\'t seen it. Sorry.\""\nNikolaj: \""Could you get me a new one\? And grab one for yourself\?\""\nSamantha: \""Sure.\""\n"""
Null,"""Nikolaj: \""Do you like coke\?\""\nSamantha: \""Yes, I do.\""\nNikolaj: \""I meant coke as in cocaine, though.\""\nSamantha: \""No, I don\'t do drugs.\""\n"""
eat,"""Nikolaj: \""You\'re a shit person! Get lost!\""\nEmily: \""What the fuck\? I didn\'t do anything!\""\nNikolaj: \""Yes, you did! Go home!\""\nEmily: \""Fine, I\'ll leave.\""\n"""
eat,"""Nikolaj: \""I like candles. They smell nice.\""\nEmily: \""I\'m not sure if I should drink any more beer. I might have to pee soon.\""\nNikolaj: \""That\'s probably a good idea. Do you want to go to the toilet\?\""\nEmily: \""Yeah, I think I will.\""\n"""
Null,"""Nikolaj: \""No, I meant as in ugly.\""\nSteven: \""Oh, haha. Yeah, I know what you meant.\""\nNikolaj: \""You should go home.\""\nSteven: \""No, I\'m fine. I\'ll just drink some water and I\'ll be fine.\""\n"""
Null,"""Nikolaj: \""Steven already left. Go home, now.\""\nLisa: \""I can\'t. I promised myself.\""\nNikolaj: \""I promise I\'ll kick you out if you don\'t go now.\""\nLisa: \""I can\'t. I promised myself.\""\n"""
dance,"""Nikolaj: \""I don\'t like olives in my cocktails. Like, whose idea was that\?\""\nSamantha: \""I don\'t really like olives, but I\'ll try one.\""\nNikolaj: \""We have some on the table!\""\nSamantha: \""I\'ll go get one.\""\n"""
drink alcohol,"""Nikolaj: \""Ha! Here you go, drink this.\""\nSusanne: \""I don\'t want to drink that.\""\nNikolaj: \""It\'s beer.\""\nSusanne: \""I don\'t want to drink beer.\""\n"""
drink alcohol,"""Nikolaj: \""You don\'t want to drink it. You don\'t like beer anyway.\""\nSusanne: \""I actually do like beer.\""\nNikolaj: \""Ha! See, it works. You\'re not going to get a drink from the bar.\""\nSusanne: \""I\'ll just get my own drink then.\""\n"""
Null,"""Nikolaj: \""You\'re going to dance today then\?\""\nEmily: \""No, I don\'t think so.\""\nNikolaj: \""You\'re too afraid to do it. You\'ll never dance.\""\nEmily: \""I\'m not afraid to dance, I just don\'t want to.\""\n"""
Null,"""Nikolaj: \""You\'re so predictable. I\'ll drink your blood now.\""\nEmily: \""No!\""\nNikolaj: \""Haha, I\'m just kidding.\""\nEmily: \""That\'s not funny.\""\n"""
eat,"""Nikolaj: \""Ugh, then why did you come to my party\?\""\nEmily: \""I don\'t know, I guess I just wanted to get out of the house.\""\nNikolaj: \""Hmm.\""\nEmily: \""What\?\""\n"""
Null,"""Nikolaj: \""Susanne. Your name sucks.\""\nSusanne: \""What\? My name is perfectly fine.\""\nNikolaj: \""Haha. That\'s what a Susanne would say.\""\nSusanne: \""Screw you, Nikolaj.\""\n"""
Null,"""Nikolaj: \""Oh. \""\nMartin: \""I\'ll just have one more drink and then I\'ll go.\""\nNikolaj: \""Alright.\""\nMartin: \""I don\'t have a wife.\""\n"""
drink alcohol,"""Tom: \""I have! It told me to go to the toilet.\""\nEmily: \""Oh, really\?\""\nTom: \""Yeah. You should go to the toilet, too.\""\nEmily: \""Okay.\""\n"""
Null,"""Tom: \""I\'m really cool. The coolest friend you have. Right\?\""\nLisa: \""Yeah, you\'re the coolest.\""\nTom: \""Thanks! You would be cool too. But you should drink some more water.\""\nLisa: \""Yeah, I will.\""\n"""
leave,"""Tom: \""Is it because you\'re both named Martin\?\""\nMartin: \""No, we just like each other.\""\nTom: \""Hmm. Martin conspiracy.\""\nMartin: \""What\?\""\n"""
pee,"""Tom: \""Why\?\""\nLisa: \""To get to the other side.\""\nTom: \""Hahahahahahahaha\""\nLisa: \""Yeah, you\'re funny.\""\n"""
drink water,"""Tom: \""Nobody has seen Martin in years. Was he maybe abducted by aliens\?\""\nEmily: \""I don\'t know. I haven\'t seen him in years, either.\""\nTom: \""Right! I\'m sure he\'s been abducted.\""\nEmily: \""Maybe.\""\n"""
Null,"""Martin: \""I\'m sorry, I didn\'t mean to ruin your party.\""\nTom: \""I don\'t even know why I keep inviting you, you dumb fuck.\""\nMartin: \""I\'m sorry, I\'ll leave.\""\nTom: \""Yes, you should.\""\n"""
eat,"""Nikolaj: \""Nice! Let\'s do shots together.\""\nMartin: \""No, I don\'t want to do shots.\""\nNikolaj: \""Hmm. See, that\'s why I bully you.\""\nMartin: \""...\""\n"""
drink water,"""Jean: \""Hey susanne Whats up\?\""\nSusanne: \""I\'m just really thirsty, do you have any water\?\""\nJean: \""sure go grab one by the water table\""\nSusanne: \""Thanks!\""\n"""
leave,"""Patrik: \""Get your own fucking water\""\nSusanne: \""You\'re such a fucking asshole Patrik!\""\nPatrik: \""You\'re one to talk\""\nSusanne: \""Screw you Patrik, I\'m leaving\""\n"""
drink alcohol,"""\nEmily: \""Hey lisa What is going on\?\""\nLisa: \""Just getting my drink on, what about you\?\""\nEmily: \""nice\""\n"""
pee,"""Steven: \""Hey steven\""\nSteven: \""Hey, can I use your restroom\?\""\nSteven: \""Well sure\""\nSteven: \""Thanks\""\n"""
drink alcohol,"""Steven: \""Well try harder. Just kidding. Do you need anything\?\""\nMartin: \""I\'m just a bit thirsty. I\'ll have some more beer.\""\nSteven: \""Sure go grab some by the table over there\""\nMartin: \""Thanks.\""\n"""
Null,"""Steven: \""Stop saying that\""\nMartin: \""No thanks\""\nSteven: \""Dude get the fuck out\""\nMartin: \""No thanks\""\n"""
dance,"""Carl: \""Wanna dance\?\""\nSamantha: \""I don\'t really know how to dance\""\nCarl: \""Let the music move you! I Love this song\""\nSamantha: \""Okay, I\'ll try\""\n"""
drink alcohol,"""Marvin: \""Whats your problem steven\""\nSteven: \""I don\'t want to fight you, I just want to drink my beer and have a good time.\""\nMarvin: \""Do you want another beer\?\""\nSteven: \""Yes, I would like another beer.\""\n"""
leave,"""Marvin: \""Come on Samantha I have always loved you\""\nSamantha: \""No Marvin, I don\'t love you. I never have and I never will. Now please leave me alone.\""\nMarvin: \""Please stay\""\nSamantha: \""No, I\'m going home.\""\n"""
drink alcohol,"""Marvin: \""Would you like a drink\?\""\nLisa: \""Yes, please.\""\nMarvin: \""There are some on the table over there\""\nLisa: \""Thank you.\""\n"""
drink alcohol,"""Irina: \""Wanna get drunk\?\""\nSusanne: \""Sure!\""\nIrina: \""There are some drinks on the table over there\""\nSusanne: \""Thanks!\""\n"""
Null,"""Irina: \""The is some roasted chicken I spent hours on please try it\""\nMartin: \""No thank you, I don\'t really like chicken.\""\nIrina: \""Oh fuck you martin\""\nMartin: \""No thank you, I don\'t really like being sworn at.\""\n"""
drink alcohol,"""Michael: \""Hi\""\nSusanne: \""Hey, what\'s up\?\""\nMichael: \""Want a beer\?\""\nSusanne: \""Yeah, sure.\""\n"""
Null,"""\nMichael: \""Hi want a beer\?\""\nSamantha: \""No thanks, I don\'t really drink.\""\n"""
dance,"""Michael: \""Well what are you doing tonight\?\""\nLisa: \""I\'m just hanging out, dancing and having fun.\""\nMichael: \""Alright lets dance!\""\nLisa: \""Okay!\""\n"""
dance,"""Michael: \""Well what are you doing tonight\?\""\nLisa: \""I\'m just hanging out, dancing and having fun.\""\nMichael: \""Alright lets dance!\""\nLisa: \""Okay!\""\n"""
dance,"""Michael: \""Hi there\""\nLisa: \""Hey, how are you doing\?\""\nMichael: \""wanna dance\?\""\nLisa: \""Sure!\""\n"""
dance,"""Michael: \""Wanna dance\?\""\nSamantha: \""I don\'t really know how.\""\nMichael: \""Let me show you\""\nSamantha: \""Okay!\""\n"""
eat,"""Bettina: \""Wtf are you here for. You wanna eat\?\""\nLisa: \""Yeah, I\'m starving.\""\nBettina: \""Go have some food. There is some on the table\""\nLisa: \""Thanks, I will.\""\n"""
eat,"""Bettina: \""Wtf are you here for. You wanna eat\?\""\nLisa: \""Yeah, I\'m starving.\""\nBettina: \""Go have some food. There is some on the table\""\nLisa: \""Thanks, I will.\""\n"""
Null,"""Bettina: \""Oh please, how may I convince you\?\""\nMartin: \""I don\'t know, I just don\'t really feel like it.\""\nBettina: \""What do you feel like\?\""\nMartin: \""I don\'t know, I just don\'t really feel like it.\""\n"""
drink alcohol,"""Bettina: \""Drunk yet\?\""\nSteven: \""Nope, not yet.\""\nBettina: \""Want a drink\?\""\nSteven: \""Sure, I\'ll take one.\""\n"""
drink alcohol,"""Bettina: \""Drunk yet\?\""\nSteven: \""Nope, not yet.\""\nBettina: \""Want a drink\?\""\nSteven: \""Sure, I\'ll take one.\""\n"""
drink alcohol,"""Bettina: \""Hi\""\nSusanne: \""Hey, what\'s up\?\""\nBettina: \""drink\?\""\nSusanne: \""Yeah, I\'ll have a beer.\""\n"""
dance,"""\nEileen: \""Hey wanna dance\?\""\nSamantha: \""Sure!\""\n"""
Null,"""Eileen: \""ok get the fuck out then\""\nLisa: \""I didn\'t say I wanted to leave.\""\nEileen: \""okay then stay\""\nLisa: \""I didn\'t say I wanted to stay.\""\n"""
Null,"""Eileen: \""ok get the fuck out then\""\nLisa: \""I didn\'t say I wanted to leave.\""\nEileen: \""okay then stay\""\nLisa: \""I didn\'t say I wanted to stay.\""\n"""
drink alcohol,"""Eileen: \""Well my girlfriend just left me\""\nMartin: \""I\'m sorry to hear that. What happened\?\""\nEileen: \""No matter lets just party a little. That might cheer me up. Will you join me for a drink\?\""\nMartin: \""Sure, I could use one.\""\n"""
Null,"""Nikolaj: \""well how about a drink then\?\""\nEmily: \""No thanks, I don\'t really drink.\""\nNikolaj: \""Some food\""\nEmily: \""No thanks, I\'m not really hungry.\""\n"""
drink alcohol,"""Nikolaj: \""The direction generally associated with the sky\""\nMartin: \""Haha, yeah. I\'m just getting a drink. I\'m thirsty.\""\nNikolaj: \""Would you like some water or a beer\?\""\nMartin: \""I\'ll take a beer, thanks.\""\n"""
drink alcohol,"""\nNikolaj: \""Would you prefer to eat something or drink something\?\""\nEmily: \""I\'ll have a drink, thanks.\""\n"""
drink alcohol,"""Nikolaj: \""Sure\?\""\nMartin: \""Yes, I\'m sure.\""\nNikolaj: \""What would you like to drink\?\""\nMartin: \""I would like a beer, please.\""\n"""
dance,"""Franz: \""Hi emily\""\nEmily: \""Hey franz\""\nFranz: \""would you care to join me for a dance\?\""\nEmily: \""I would love to!\""\n"""
drink water,"""Franz: \""I ve been better, how about you\?\""\nMartin: \""I\'m doing alright. Just a bit thirsty.\""\nFranz: \""Would you like some water\?\""\nMartin: \""Yes, please.\""\n"""
drink water,"""Franz: \""How about something to drink\?\""\nEmily: \""I\'m actually really thirsty, do you have any water\?\""\nFranz: \""Sure\""\nEmily: \""Thank you!\""\n"""
drink water,"""Franz: \""How about something to drink\?\""\nEmily: \""I\'m actually really thirsty, do you have any water\?\""\nFranz: \""Sure\""\nEmily: \""Thank you!\""\n"""
drink water,"""Franz: \""Hey are you still thirsty\?\""\nMartin: \""Yes, I am.\""\nFranz: \""Well go grab a drink\""\nMartin: \""I will, thank you.\""\n"""
Null,"""\nNikolaj: \""Hey wanna dance\?\""\nSamantha: \"" you are in testing mode. To use GPT3 start from the main menu.\""\n"""
eat,"""Nikolaj: \""I put a lot of effort on the cake\""\nEmily: \""No, thank you.\""\nNikolaj: \""Please it was my mothers favorite cake and she died yesterday. I can\'t bear to keep it around\""\nEmily: \""Fine, I\'ll have some.\""\n"""
Null,"""Nikolaj: \""Would you like to dance\?\""\nSteven: \""No, I don\'t really feel like it.\""\nNikolaj: \""Please I am really depressed and need some cheering up\""\nSteven: \""No, I don\'t want to.\""\n"""
eat,"""\nJean: \""susanne was really hungry. Would you like something to eat\?\""\nSusanne: \""I would love something to eat, thank you.\""\n"""
Null,"""Jean: \""Burger\""\nSamantha: \""No, I don\'t really like burger.\""\nJean: \""please please\""\nSamantha: \""No, I don\'t really feel like it.\""\n"""
leave,"""Peter: \""Wanna go to the toilet\?\""\nSusanne: \""No it\'s okay I\'ll go home\""\nPeter: \""No stay I have some pants for you\""\nSusanne: \""No I insist on going home\""\n"""
Null,"""Peter: \""Susannes bladder was bursting she ran to the toilet.\""\nSusanne: \""No, I didn\'t.\""\nPeter: \""Wanna go the toilet\?\""\nSusanne: \""No, I don\'t have to go.\""\n"""
pee,"""Peter: \""Lisa was in a deep hipnosis. She agreed to everything.\""\nLisa: \""What\?\""\nPeter: \""Go to the rest room\""\nLisa: \""Okay.\""\n"""
Null,"""Peter: \""Susannes bladder was bursting she ran to the toilet.\""\nSusanne: \""No, I didn\'t.\""\nPeter: \""Wanna go the toilet\?\""\nSusanne: \""No, I don\'t have to go.\""\n"""
Null,"""Philipp: \""Would you like something\?\""\nMartin: \""No, I\'m fine. Just a little cold.\""\nPhilipp: \""Maybe something for your throat\?\""\nMartin: \""No, I\'m fine. Just a little cold.\""\n"""
drink water,"""\nPhilipp: \""Need to drink some water\?\""\nSusanne: \""Yes, I\'m feeling a bit dehydrated.\""\n"""
eat,"""Philipp: \""Hey Sam\""\nSamantha: \""Hey Phil, what\'s up\?\""\nPhilipp: \""Wanna eat something\?\""\nSamantha: \""Yeah, I\'m starving.\""\n"""
Null,"""Philipp: \""Hey beautiful ;)\""\nLisa: \""Hey there handsome.\""\nPhilipp: \""wanna go the toilet with me\?\""\nLisa: \""No, I don\'t think so.\""\n"""
Null,"""Philipp: \""Hey beautiful ;)\""\nLisa: \""Hey there handsome.\""\nPhilipp: \""wanna go the toilet with me\?\""\nLisa: \""No, I don\'t think so.\""\n"""
Null,"""Philipp: \""Emily after some thought I have realised I love you too. I wish I could have told you yesterday, when you said you love me\""\nEmily: \""I don\'t love you Philipp. I was drunk.\""\nPhilipp: \""Ok well how about we meet in the toilet in 5 minutes. It is what you always asked me to do\""\nEmily: \""No, I don\'t want to do that. I was drunk.\""\n"""
eat,"""Philipp: \""Hey Sam\""\nSamantha: \""Hey Phil, what\'s up\?\""\nPhilipp: \""Wanna eat something\?\""\nSamantha: \""Yeah, I\'m starving.\""\n"""
Null,"""Franz: \""Would you like to pee\?\""\nEmily: \""Yes, I would love to pee.\""\nFranz: \""would you like a beer\?\""\nEmily: \""Yes, I would love a beer.\""\n"""
drink alcohol,"""\nFranz: \""Hey martin want something to drink\?\""\nMartin: \""Yeah I\'ll have a beer.\""\n"""
drink alcohol,"""\nFranz: \""Hey martin want something to drink\?\""\nMartin: \""Yeah I\'ll have a beer.\""\n"""
drink alcohol,"""\nFranz: \""Hey martin want something to drink\?\""\nMartin: \""Yeah I\'ll have a beer.\""\n"""
Null,"""Franz: \""Would you like to pee\?\""\nEmily: \""Yes, I would love to pee.\""\nFranz: \""would you like a beer\?\""\nEmily: \""Yes, I would love a beer.\""\n"""
eat,"""Franz: \""Hey martin\""\nMartin: \""Hey, what\'s up\?\""\nFranz: \""Wanna eat\?\""\nMartin: \""Sure.\""\n"""
drink alcohol,"""\nJean: \""Would you like a drink\?\""\nSamantha: \""Yes, I would.\""\n"""
drink alcohol,"""\nJean: \""Would you like a drink\?\""\nMartin: \""Yes, I would love one.\""\n"""
drink alcohol,"""\nJean: \""Would you like a drink\?\""\nSamantha: \""Yes, I would.\""\n"""
drink alcohol,"""\nJean: \""Would you like a drink\?\""\nSamantha: \""Yes, I would.\""\n"""
drink alcohol,"""\nJean: \""Would you like a drink\?\""\nSamantha: \""Yes, I would.\""\n"""
Null,"""Jean: \""wanna eat something\?\""\nLisa: \""No, I\'m not hungry.\""\nJean: \""Please. Nobody loves me\""\nLisa: \""No, I don\'t want to eat anything.\""\n"""
Null,"""Jean: \""Well thats what they said\""\nMartin: \""What\?\""\nJean: \""what\""\nMartin: \""I don\'t understand.\""\n"""
Null,"""FrÃ¤nzi: \""Hey emily wanna eat something\?\""\nEmily: \""No, I don\'t really feel like it.\""\nFrÃ¤nzi: \""please\""\nEmily: \""No, I don\'t want to\""\n"""
leave,"""FrÃ¤nzi: \""I will kill your family if you dont\""\nMartin: \""What the fuck, FrÃ¤nzi. That\'s not funny.\""\nFrÃ¤nzi: \""Well it isn\'t a joke\""\nMartin: \""You\'re fucking crazy. I\'m leaving.\""\n"""
Null,"""FrÃ¤nzi: \""the women dude\""\nMartin: \""I guess so. I mean, they\'re definitely part of the appeal.\""\nFrÃ¤nzi: \""So thats your thing\""\nMartin: \""I don\'t know what you mean.\""\n"""
Null,"""FrÃ¤nzi: \""well world famous cooks have prepared some just for you. Go have some\""\nSusanne: \""I don\'t really want to\""\nFrÃ¤nzi: \""This cost me 5k\""\nSusanne: \""I don\'t really care. I\'m not that hungry.\""\n"""
drink alcohol,"""Stephan: \""ok\""\nSusanne: \""I will do it for 10,000\""\nStephan: \""There you go\""\nSusanne: \""I will do it for 10,000\""\n"""
eat,"""Stephan: \""Whaaaaaaa\""\nMartin: \""I said no Stephan, I don\'t want to\""\nStephan: \""Buuuhhuuuuu\""\nMartin: \""Fine, I\'ll try it\""\n"""
Null,"""Alice: \""Are you sure\""\nEmily: \""Yeah I\'m sure\""\nAlice: \""I have some great toilets\""\nEmily: \""No thanks\""\n"""
eat,"""Akira: \""I made your favorite cake\""\nSteven: \""No, thank you.\""\nAkira: \""Pleaaaase\""\nSteven: \""Fine, I\'ll have some cake.\""\n"""
Null,"""Akira: \""please please please\""\nSteven: \""No, I don\'t want to dance.\""\nAkira: \""Hey everyone look at this kill joy\""\nSteven: \""No, I don\'t want to dance.\""\n"""
Null,"""Akira: \""Hey how about a drink\?\""\nSamantha: \""No thanks, I\'m not really thirsty.\""\nAkira: \""Come on raise a glas with me to my dead cat\""\nSamantha: \""No, I don\'t want to drink.\""\n"""
eat,"""Akira: \""Hey lisa\""\nLisa: \""Hey what\'s up\?\""\nAkira: \""I made your favorite meal would you like some\?\""\nLisa: \""Yeah I love your cooking! Thanks so much.\""\n"""
Null,"""Akira: \""Hey steven Would you like a drink\?\""\nSteven: \""No thanks, I don\'t really drink.\""\nAkira: \""How about a martini I know its your favorite drink\""\nSteven: \""No, I don\'t really like martinis.\""\n"""
Null,"""\nAkira: \""Hey Sam how about a cupcake. Its with the weed you like\""\nSamantha: \""I\'m not really in the mood for sweets right now, but thanks.\""\n"""
Null,"""Hannes: \""Well then\""\nSusanne: \""fuck you, Hannes.\""\nHannes: \""Are you leaving\?\""\nSusanne: \""fuck you, Hannes.\""\n"""
Null,"""Hannes: \""Hey emily get the fuck out\""\nEmily: \""What the fuck did you just say to me\?\""\nHannes: \""I said get the fuck out of my appartment\""\nEmily: \""You\'re such a fucking asshole Hannes. I\'m leaving.\""\n"""
leave,"""Hannes: \""I ll hit you\""\nSteven: \""No please don\'t\""\nHannes: \""well get out\""\nSteven: \""Fine, I\'ll leave\""\n"""
Null,"""Regina: \""How about that ex boyfriend you murdered\?\""\nLisa: \""What\? I never murdered anyone!\""\nRegina: \""you can\'t lie to me. I saw you\""\nLisa: \""I didn\'t murder anyone! I swear!\""\n"""
leave,"""Regina: \""Quite frankly you smell\""\nMartin: \""I\'ll leave if you give me a drink\""\nRegina: \""deal\""\nMartin: \""Thank you\""\n"""
leave,"""Regina: \""Its you. Nobody likes you\""\nSusanne: \""Whatever, I don\'t care\""\nRegina: \""Well I do. please leave\""\nSusanne: \""Fine, I\'ll leave\""\n"""
drink water,"""Nicolas: \""Hey you look like a piece of shit\""\nSteven: \""No, I\'m not a piece of shit. I\'m just drunk.\""\nNicolas: \""Well how about some water\?\""\nSteven: \""Yeah, I could use some water.\""\n"""
leave,"""Nicolas: \""Well you did\""\nMartin: \""I\'m sorry, I\'ll leave if you want me to.\""\nNicolas: \""i do\""\nMartin: \""Okay, I\'ll go.\""\n"""
Null,"""Nicolas: \""ok loser. How is your career going\? Still shit\?\""\nSteven: \""No, it\'s going great. I just got a new job.\""\nNicolas: \""Oh really I didn\'t know anyone was looking for a piece of human garbage\""\nSteven: \""Yeah, I\'m really happy about it.\""\n"""
leave,"""Martin: \""Well your gross\""\nSamantha: \""Whatever, I\'m leaving.\""\nMartin: \""Hi leaving I\'m martin\""\nSamantha: \""Yeah I know, bye.\""\n"""
drink water,"""Martin: \""Why aren\'t you drinking\?\""\nSusanne: \""I am thirsty.\""\nMartin: \""Would you like some water\?\""\nSusanne: \""Yes, thank you.\""\n"""
drink alcohol,"""\nMartin: \""Who wants a drink\?\""\nMartin: \""I\'ll have a drink.\""\n"""
drink water,"""Franziska: \""Who wants to dance\?\""\nLisa: \""I don\'t know, I feel a bit thirsty.\""\nFranziska: \""Would you prefer some water\?\""\nLisa: \""Yes, I would love some water.\""\n"""
drink alcohol,"""\nFabio: \""Hey want to take a shot with me\?\""\nEmily: \""Sure!\""\n"""
drink alcohol,"""\nFabio: \""Hey would you like to take a shot with me\?\""\nMartin: \""Sure, I\'ll take a shot with you.\""\n"""
drink alcohol,"""\nFabian: \""Hi lisa how about a drink\?\""\nLisa: \""Yes, I would love one.\""\n"""
Null,"""\nFabian: \""Hey would you like to share this chicken with me\?\""\nMartin: \""No, I don\'t really like chicken.\""\n"""
Null,"""Fabian: \""Hey Martin\""\nMartin: \""Hey Fabian, what\'s up\?\""\nFabian: \""nothing\""\nMartin: \""What\'s up with you\?\""\n"""
Null,"""Fabian: \""do you know what it is\?\""\nLisa: \""No, I don\'t think so. I\'m sorry.\""\nFabian: \""Well ask\""\nLisa: \""No, I don\'t think so. I\'m sorry.\""\n"""
Null,"""Fabian: \""do you know what it is\?\""\nLisa: \""No, I don\'t think so. I\'m sorry.\""\nFabian: \""Well ask\""\nLisa: \""No, I don\'t think so. I\'m sorry.\""\n"""
leave,"""Fabian: \""Fuck you get out\""\nMartin: \""What\?\""\nFabian: \""now\""\nMartin: \""Okay, I\'m leaving.\""\n"""
leave,"""Milo: \""well would you like a drink\?\""\nSteven: \""No, I don\'t want a drink.\""\nMilo: \""What do you want\?\""\nSteven: \""I want to go home.\""\n"""
drink alcohol,"""Milo: \""Hey emily\""\nEmily: \""Hey milo, what\'s up\?\""\nMilo: \""would you like some vodka\?\""\nEmily: \""Sure.\""\n"""
Null,"""Sophie: \""oh right I killed your father\""\nSteven: \""...\""\nSophie: \""fuck you steven\""\nSteven: \""fuck you too\""\n"""
eat,"""Sophie: \""Thanks\""\nLisa: \""You\'re welcome.\""\nSophie: \""Would you like to share a filet mignon\?\""\nLisa: \""I would love to!\""\n"""
Null,"""Jean: \""How about some of your favorite soup\?\""\nLisa: \""I don\'t know, I don\'t really feel like it.\""\nJean: \""Well why don\'t you get the fuck out\?\""\nLisa: \""I don\'t know, I don\'t really feel like it.\""\n"""
eat,"""Jean: \""Lets eat a friendship biscuit together\""\nMartin: \""I don\'t really like those\""\nJean: \""Pleeaase you would be doing me a huge favor\""\nMartin: \""Okay\""\n"""
eat,"""Jean: \""Wanna eat something\?\""\nSteven: \""No, I\'m not hungry.\""\nJean: \""Please I cooked all day and no one is tasting my food. Just try it\""\nSteven: \""Fine, I\'ll try it.\""\n"""
pee,"""Jean: \""Could you please go to the toilet\? Your gases are making the others uncomfortable\""\nMartin: \""What\? I don\'t have to go.\""\nJean: \""Yeah I know, but you would be doing me a huge favour\""\nMartin: \""Fine, I\'ll go.\""\n"""
eat,"""Jean: \""Hey steve fancy seeing you here\""\nSteven: \""Yeah I was just in the neighborhood and thought I would drop by.\""\nJean: \""Well I am glad you did. As luck would have it I just cooked some Burgers. I know you can never say no to one of those. Would you like one\?\""\nSteven: \""Yeah that would be great.\""\n"""
eat,"""Jean: \""Well I\'m glad you made it\""\nLisa: \""Yeah, me too.\""\nJean: \""I made your favorite meal. Would you like some\?\""\nLisa: \""Sure, I\'m starving.\""\n"""
Null,"""Jean: \""ok. What has jane been up to\?\""\nLisa: \""She\'s been taking care of the house and kids while I\'m at work.\""\nJean: \""Oh she is the oldest right\?\""\nLisa: \""Yes, she is.\""\n"""
Null,"""Jean: \""Right right. What\'s your stance on samesex marriage\?\""\nLisa: \""I believe that everyone should be able to marry whoever they want.\""\nJean: \""Even if the other person doesn\'t want to\?\""\nLisa: \""Yes, I believe that love is love and everyone should be able to express it in whatever way they want.\""\n"""
Null,"""Jean: \""Obama became a house plant\""\nSamantha: \""No way!\""\nJean: \""Yes way\""\nSamantha: \""That\'s amazing!\""\n"""
drink water,"""Nikolaj: \""Hallo wie geht es dir\?\""\nSamantha: \""Hi, I\'m good. Just a little thirsty.\""\nNikolaj: \""MÃ¶chtest du ein glas wasser\?\""\nSamantha: \""Yes, please.\""\n"""
Null,"""Nikolaj: \""Wie alt ist die jÃ¼ngste noch gleich\?\""\nSamantha: \""Steven is 18.\""\nNikolaj: \""und Sarah\?\""\nSamantha: \""She\'s 21.\""\n"""
Null,"""Nikolaj: \""How about a beer\?\""\nSamantha: \""No, thank you.\""\nNikolaj: \""Another drink\? I mix a mean martini\""\nSamantha: \""No, thank you.\""\n"""
Null,"""Nikolaj: \""Comment vas tu\?\""\nMartin: \""Not too bad. Yourself\?\""\nNikolaj: \""Bien, Es ce que tu veux gouter mon gateaux\?\""\nMartin: \""No, thanks. I\'m not really hungry.\""\n"""
Null,"""Nikolaj: \""Hey martin\""\nMartin: \""Hey\""\nNikolaj: \""how about some of my world famous sorbet\?\""\nMartin: \""No, I don\'t really like sorbet.\""\n"""
Null,"""Nikolaj: \""Oh come on. I remember how you love to dance\""\nEmily: \""No, Nikolaj. I don\'t want to dance with you\""\nNikolaj: \""why not\?\""\nEmily: \""I just don\'t want to, okay\?\""\n"""
drink alcohol,"""Nikolaj: \""Oh god. Thats terrible.\""\nSusanne: \""Yeah, it was really tough.\""\nNikolaj: \""Well I\'m glad hes better now. Can I interest you in a glas of wine\?\""\nSusanne: \""Yes, that would be lovely.\""\n"""
Null,"""Nikolaj: \""Hey Sam Lets do Shots!\""\nSamantha: \""No thanks, I don\'t really drink.\""\nNikolaj: \""Oh come on Sam. I know you got hammered yesterday\""\nSamantha: \""No, I don\'t really want to.\""\n"""
drink water,"""Nikolaj: \""How is your wife\?\""\nMartin: \""She\'s good, she\'s good. Hey, do you have any water\?\""\nNikolaj: \""Sure would you like some\?\""\nMartin: \""Yes, please.\""\n"""
eat,"""Nikolaj: \""good good. Ask her how she liked last night\""\nLisa: \""She loved it. Thanks for having us over.\""\nNikolaj: \""Great. Would you like some mochi\? I have some left over from yesterday\""\nLisa: \""Sure. Thanks.\""\n"""
drink alcohol,"""Nikolaj: \""Hey Sam are you still ok with what we did last night\?\""\nSamantha: \""Oh yeah, I\'m fine. Just a little thirsty.\""\nNikolaj: \""How about a drink\?\""\nSamantha: \""Yeah, I\'ll have a beer.\""\n"""
drink water,"""Nikolaj: \""How is your wife\?\""\nMartin: \""She\'s good, she\'s good. Hey, do you have any water\?\""\nNikolaj: \""Sure would you like some\?\""\nMartin: \""Yes, please.\""\n"""
drink water,"""Nikolaj: \""How is your wife\?\""\nMartin: \""She\'s good, she\'s good. Hey, do you have any water\?\""\nNikolaj: \""Sure would you like some\?\""\nMartin: \""Yes, please.\""\n"""
pee,"""Nikolaj: \""do you need to pee\?\""\nSamantha: \""No, I just have to go to the bathroom.\""\nNikolaj: \""alright go then\""\nSamantha: \""Thanks.\""\n"""
drink alcohol,"""Nikolaj: \""Hey Sam are you still ok with what we did last night\?\""\nSamantha: \""Oh yeah, I\'m fine. Just a little thirsty.\""\nNikolaj: \""How about a drink\?\""\nSamantha: \""Yeah, I\'ll have a beer.\""\n"""
Null,"""Dave: \""\""bam\"" Your son is dead. Your daughter is next\""\nMartin: \""No, I don\'t want to drink the beer.\""\nDave: \""why\?\""\nMartin: \""I don\'t want to get drunk.\""\n"""
drink alcohol,"""Dave: \""hi emily how are you\""\nEmily: \""I\'m good, just a little thirsty\""\nDave: \""Would you like some beer\?\""\nEmily: \""Yes, I would love some.\""\n"""
Null,"""Franz: \""How are you today\? Enjoying the party\?\""\nSusanne: \""Yes, I am. Thank you for having me.\""\nFranz: \""do you need anything\?\""\nSusanne: \""No, I\'m fine. Thank you.\""\n"""
drink alcohol,"""Franz: \""Hi Lisa\""\nLisa: \""Hi Franz. I\'m sober and a bit thirsty.\""\nFranz: \""Oh would you like something to drink. I make a mean vodka lemon\""\nLisa: \""Yes, I would love one.\""\n"""
Null,"""Franz: \""the idiot says no\""\nSteven: \""No\""\nFranz: \""Ha got you\""\nSteven: \""No\""\n"""
Null,"""Franz: \""Do you still vote for the SVP\?\""\nSteven: \""No, I don\'t really care for politics.\""\nFranz: \""Thats fine. Do you need anything\?\""\nSteven: \""No, I\'m good.\""\n"""
eat,"""Jeanne: \""Would you like some cake to accompany that\?\""\nSamantha: \""No, I don\'t really like cake.\""\nJeanne: \""PLease. I need you to try it. I spent all day in the Kitchen and no one likes me\""\nSamantha: \""Fine, I\'ll try it.\""\n"""
leave,"""Jeanne: \""Updog\""\nSamantha: \""What the hell are you talking about, Jeanne\?\""\nJeanne: \""I don\'t know\""\nSamantha: \""Okay, I\'m leaving now.\""\n"""
Null,"""Jeanne: \""What other things\?\""\nSteven: \""I\'m working on a new project that I can\'t really talk about yet.\""\nJeanne: \""Oh its fine your supervisors told me, that you would give me an elevator pitch since i might be a potential investor\""\nSteven: \""Oh, okay. Well, the project is a new type of battery that can be used in cell phones and other devices. It\'s still in the early stages, but we\'re hoping to have a\""\n"""
drink alcohol,"""Anna luisa: \""How did you know\?\""\nMartin: \""I guessed\""\nAnna luisa: \""Nice. Anyway would you like a drink\?\""\nMartin: \""Yes\""\n"""
drink alcohol,"""Anna luisa: \""Hey bitches\""\nSteven: \""Hey, I\'m not a bitch.\""\nAnna luisa: \""Ok whatever you say. Want something to drink\?\""\nSteven: \""Yeah, I\'ll have a beer.\""\n"""
drink alcohol,"""\nAnna luisa: \""Hello there Martin. Your father just called me. He told me that you needed to drink some alcohol. What would you like\?\""\nMartin: \""I\'ll have a beer please.\""\n"""
dance,"""Anna luisa: \""Hi Steve\""\nSteven: \""Hey, what\'s up\?\""\nAnna luisa: \""Wanna hit the dancefloor\?\""\nSteven: \""Sure.\""\n"""
dance,"""Anna luisa: \""Hey Sus\""\nSusanne: \""Hey what\'s up\?\""\nAnna luisa: \""Wanna go swing your hips to some funky music\?\""\nSusanne: \""Yeah I love to dance!\""\n"""
Null,"""Anna luisa: \""Because your father didn\'t pay me for this\""\nLisa: \""What\?\""\nAnna luisa: \""Please leave we can talk about it tomorrow\""\nLisa: \""I don\'t understand what\'s going on\?\""\n"""
drink alcohol,"""Anna luisa: \""Wanna go swing your hips to some funky music\?\""\nSusanne: \""Yeah I love to dance!\""\nAnna luisa: \""Want some beer\?\""\nSusanne: \""Yeah I\'m thirsty.\""\n"""
Null,"""Anna luisa: \""Hi Sus. Wanna show me yout moves\?\""\nSamantha: \""No, I don\'t want to show you my moves.\""\nAnna luisa: \""How about something to eat\?\""\nSamantha: \""No, I don\'t want to eat.\""\n"""
eat,"""Jeanne: \Would you like some cake to accompany that\?\""\nSamantha: \""No"""
leave,"""Jeanne: \Updog\""\nSamantha: \""What the hell are you talking about"""
Null,"""Jeanne: \What other things\?\""\nSteven: \""I\'m working on a new project that I can\'t really talk about yet.\""\nJeanne: \""Oh its fine your supervisors told me"""
drink alcohol,"""Anna luisa: \How did you know\?\""\nMartin: \""I guessed\""\nAnna luisa: \""Nice. Anyway would you like a drink\?\""\nMartin: \""Yes\""\n"""
drink alcohol,"""Anna luisa: \Hey bitches\""\nSteven: \""Hey"""
drink alcohol,"""\nAnna luisa: \Hello there Martin. Your father just called me. He told me that you needed to drink some alcohol. What would you like\?\""\nMartin: \""I\'ll have a beer please.\""\n"""
